population_id,group_id,year,group.year,GroupSize,N.Fem,N.Male,Scale.Group,N.Sampled,Obs.Effort,Obs.Effort.Per.Capita,Species,phylo,Category.New,Category.Basic,Philopatry,ff.related.r,ff.related.se,ff.rank.r,ff.rank.se,ff.male.r,ff.male.se,fm.rank.male.r,fm.rank.male.se,fm.rank.fem.r,fm.rank.fem.se,fm.rank.intx.r,fm.rank.intx.se
AMBOSELI,AMB_GRP_005,2004,AMB_GRP_005_2004,24,12,12,-0.355,13,1089.4,83.80,Yellow baboon,Papio_cynocephalus,Cohesive,Single-level,Female philopatry,1.5318,0.4143,0.0530,0.1547,-0.1617,0.5142,-0.0606,0.2184,0.3259,0.2053,0.2870,0.1302
AMBOSELI,AMB_GRP_005,2005,AMB_GRP_005_2005,16,9,7,-1.041,10,1407.4,140.74,Yellow baboon,Papio_cynocephalus,Cohesive,Single-level,Female philopatry,0.7578,0.4188,0.3511,0.1494,-0.3961,0.3861,-0.0828,0.2608,0.1077,0.2387,0.2017,0.1705
AMBOSELI,AMB_GRP_005,2006,AMB_GRP_005_2006,18,10,8,-0.856,10,1460.2,146.02,Yellow baboon,Papio_cynocephalus,Cohesive,Single-level,Female philopatry,1.5802,0.5016,0.0071,0.1858,0.2072,0.4795,0.2578,0.3290,-0.0554,0.2902,-0.0794,0.1830
AMBOSELI,AMB_GRP_005,2007,AMB_GRP_005_2007,16,10,6,-1.041,10,1493.2,149.32,Yellow baboon,Papio_cynocephalus,Cohesive,Single-level,Female philopatry,1.4940,0.4753,0.0769,0.1641,0.0339,0.4017,0.0443,0.2746,0.2386,0.2106,-0.0537,0.2104
AMBOSELI,AMB_GRP_021,2003,AMB_GRP_021_2003,35,23,12,0.421,23,1013.2,44.05,Yellow baboon,Papio_cynocephalus,Cohesive,Single-level,Female philopatry,1.4944,0.2782,0.0686,0.1025,-0.3952,0.4508,0.2151,0.1589,0.0364,0.1305,0.0300,0.0959
AMBOSELI,AMB_GRP_021,2004,AMB_GRP_021_2004,39,25,14,0.672,26,904.2,34.78,Yellow baboon,Papio_cynocephalus,Cohesive,Single-level,Female philopatry,1.1794,0.3023,0.1853,0.1050,0.1365,0.4018,0.1547,0.1298,0.0520,0.1116,-0.1154,0.0875
AMBOSELI,AMB_GRP_021,2005,AMB_GRP_021_2005,42,26,16,0.852,27,1318.4,48.83,Yellow baboon,Papio_cynocephalus,Cohesive,Single-level,Female philopatry,1.1309,0.2815,0.1619,0.1034,-0.1491,0.3609,0.0893,0.1298,0.2083,0.1126,0.0775,0.0792
AMBOSELI,AMB_GRP_021,2006,AMB_GRP_021_2006,47,30,17,1.138,30,1452.8,48.43,Yellow baboon,Papio_cynocephalus,Cohesive,Single-level,Female philopatry,1.6770,0.2673,0.0704,0.0941,0.2485,0.3279,0.1969,0.1508,0.1025,0.1275,0.0632,0.1029
AMBOSELI,AMB_GRP_021,2007,AMB_GRP_021_2007,50,30,20,1.303,30,886.8,29.56,Yellow baboon,Papio_cynocephalus,Cohesive,Single-level,Female philopatry,1.9777,0.2479,0.1599,0.0858,0.2584,0.3163,0.2845,0.1399,-0.0268,0.1174,-0.0904,0.0796
AMBOSELI,AMB_GRP_042,2003,AMB_GRP_042_2003,40,25,15,0.733,26,983.4,37.82,Yellow baboon,Papio_cynocephalus,Cohesive,Single-level,Female philopatry,1.8739,0.2886,0.2139,0.0894,0.3218,0.3318,0.2701,0.1424,0.3593,0.1281,-0.0281,0.0993
AMBOSELI,AMB_GRP_042,2004,AMB_GRP_042_2004,42,25,17,0.852,25,983.8,39.35,Yellow baboon,Papio_cynocephalus,Cohesive,Single-level,Female philopatry,1.8357,0.3270,0.1994,0.1058,0.1976,0.3271,0.1585,0.1696,0.1513,0.1513,0.2171,0.0969
AMBOSELI,AMB_GRP_042,2005,AMB_GRP_042_2005,42,25,17,0.852,25,1099.8,43.99,Yellow baboon,Papio_cynocephalus,Cohesive,Single-level,Female philopatry,1.6551,0.3157,0.2104,0.1091,0.4649,0.3264,0.1630,0.1623,0.3419,0.1404,-0.0007,0.0871
AMBOSELI,AMB_GRP_042,2006,AMB_GRP_042_2006,45,25,20,1.026,26,1263.8,48.61,Yellow baboon,Papio_cynocephalus,Cohesive,Single-level,Female philopatry,1.5806,0.3464,0.2061,0.0944,0.1772,0.4936,0.2017,0.1573,0.2991,0.1453,0.0445,0.0983
AMBOSELI,AMB_GRP_042,2007,AMB_GRP_042_2007,42,27,15,0.852,29,1220.8,42.10,Yellow baboon,Papio_cynocephalus,Cohesive,Single-level,Female philopatry,2.4614,0.2919,0.2135,0.1016,0.0477,0.3931,0.2192,0.1738,0.1035,0.1585,-0.0809,0.0989
AMBOSELI,AMB_GRP_043,2003,AMB_GRP_043_2003,21,13,8,-0.597,14,971,69.36,Yellow baboon,Papio_cynocephalus,Cohesive,Single-level,Female philopatry,1.1358,0.5089,0.2063,0.1773,-0.1974,0.4420,0.2139,0.2665,0.1254,0.2291,0.0196,0.1558
AMBOSELI,AMB_GRP_043,2004,AMB_GRP_043_2004,22,15,7,-0.514,15,888.2,59.21,Yellow baboon,Papio_cynocephalus,Cohesive,Single-level,Female philopatry,2.1618,0.4230,-0.0801,0.1388,-0.0447,0.3945,0.2355,0.1960,0.0965,0.1573,0.0247,0.1373
AMBOSELI,AMB_GRP_043,2005,AMB_GRP_043_2005,34,16,18,0.356,18,1467.2,81.51,Yellow baboon,Papio_cynocephalus,Cohesive,Single-level,Female philopatry,1.7460,0.3836,0.1293,0.1397,-0.0722,0.4397,0.1454,0.1700,0.0180,0.1688,-0.0732,0.1000
AMBOSELI,AMB_GRP_043,2006,AMB_GRP_043_2006,29,17,12,0.016,17,1482.2,87.19,Yellow baboon,Papio_cynocephalus,Cohesive,Single-level,Female philopatry,1.9158,0.3593,0.0190,0.1174,-0.1130,0.5238,0.2180,0.1738,0.0976,0.1652,0.2474,0.1180
AMBOSELI,AMB_GRP_043,2007,AMB_GRP_043_2007,33,17,16,0.290,17,1425.8,83.87,Yellow baboon,Papio_cynocephalus,Cohesive,Single-level,Female philopatry,1.9705,0.3442,0.0256,0.1039,0.1808,0.3546,0.3729,0.1477,0.0236,0.1532,-0.0765,0.1166
AMBOSELI,AMB_GRP_047,2003,AMB_GRP_047_2003,21,14,7,-0.597,14,1073.4,76.67,Yellow baboon,Papio_cynocephalus,Cohesive,Single-level,Female philopatry,1.5993,0.2918,0.2717,0.1303,0.0735,0.3712,0.0284,0.1908,0.1317,0.1691,-0.0592,0.1385
AMBOSELI,AMB_GRP_047,2004,AMB_GRP_047_2004,26,17,9,-0.202,17,976,57.41,Yellow baboon,Papio_cynocephalus,Cohesive,Single-level,Female philopatry,1.3159,0.2848,0.3540,0.1200,0.1358,0.3553,-0.0046,0.1905,0.0024,0.1603,0.0040,0.1407
AMBOSELI,AMB_GRP_047,2005,AMB_GRP_047_2005,33,21,12,0.290,21,1719.4,81.88,Yellow baboon,Papio_cynocephalus,Cohesive,Single-level,Female philopatry,1.2728,0.2652,0.3078,0.1124,-0.1817,0.4601,0.0456,0.2350,0.0201,0.1991,0.1065,0.1198
AMBOSELI,AMB_GRP_047,2006,AMB_GRP_047_2006,32,20,12,0.223,21,1504.6,71.65,Yellow baboon,Papio_cynocephalus,Cohesive,Single-level,Female philopatry,1.7861,0.2806,0.3763,0.1228,0.2635,0.3939,0.1892,0.1765,0.2276,0.1458,-0.0386,0.1247
AMBOSELI,AMB_GRP_047,2007,AMB_GRP_047_2007,35,22,13,0.421,22,1431,65.05,Yellow baboon,Papio_cynocephalus,Cohesive,Single-level,Female philopatry,1.7488,0.2834,0.2513,0.1063,0.0160,0.4362,0.1800,0.1863,-0.0094,0.1545,0.3282,0.1189
FILOHA,Clan1,1998,Clan1_1998,33,20,13,0.290,30,425.8,14.19,Hamadryas baboon,Papio_hamadryas,Multi-level,Multi-level,Female dispersal,,,0.0653,0.3116,3.0735,0.5917,0.5380,0.2683,-0.0290,0.2831,-0.0371,0.2521
FILOHA,Clan2,1997,Clan2_1997,20,12,8,-0.681,20,116,5.80,Hamadryas baboon,Papio_hamadryas,Multi-level,Multi-level,Female dispersal,,,-0.0258,0.4939,2.8249,1.0268,0.2547,0.3358,-0.0428,0.3525,-0.0023,0.3234
FILOHA,Clan2,1998,Clan2_1998,19,12,7,-0.767,18,214.8,11.94,Hamadryas baboon,Papio_hamadryas,Multi-level,Multi-level,Female dispersal,,,0.0318,0.3208,3.0596,0.5587,0.8159,0.4133,0.0674,0.4458,0.0293,0.3149
GASHAKA,gamgam,2009,gamgam_2009,12,6,6,-1.450,7,761,108.71,Olive baboon,Papio_anubis,Cohesive,Single-level,Female philopatry,0.6313,0.5303,0.0639,0.2115,0.0290,0.5579,0.1868,0.5172,-0.0474,0.4896,0.0942,0.3767
GASHAKA,gamgam,2010,gamgam_2010,9,6,3,-1.804,12,461,38.42,Olive baboon,Papio_anubis,Cohesive,Single-level,Female philopatry,0.5888,1.0414,0.4434,0.5150,0.3751,0.8492,0.3195,0.7861,0.1156,0.6886,-0.0725,0.6841
GASHAKA,kwano,2009,kwano_2009,24,14,10,-0.355,17,601,35.35,Olive baboon,Papio_anubis,Cohesive,Single-level,Female philopatry,1.2817,0.5142,0.0826,0.1468,0.0658,0.4389,0.3097,0.3044,-0.1244,0.2430,0.3068,0.1683
GASHAKA,kwano,2010,kwano_2010,21,12,9,-0.597,22,474.5,21.57,Olive baboon,Papio_anubis,Cohesive,Single-level,Female philopatry,1.1811,0.7254,0.0761,0.2118,-0.0544,0.6792,0.0770,0.2863,0.0687,0.2561,0.1649,0.2604
GASHAKA,kwano,2011,kwano_2011,19,12,7,-0.767,17,427.3,25.13,Olive baboon,Papio_anubis,Cohesive,Single-level,Female philopatry,1.2746,0.7125,0.1620,0.2160,-0.4300,0.5766,-0.1193,0.3128,0.0369,0.2704,0.0266,0.1906
GASHAKA,kwano,2012,kwano_2012,19,12,7,-0.767,17,1512.5,88.97,Olive baboon,Papio_anubis,Cohesive,Single-level,Female philopatry,1.4961,0.4466,0.0372,0.1446,0.0504,0.3687,0.3944,0.3070,-0.2085,0.2005,0.2317,0.1238
GASHAKA,kwano,2013,kwano_2013,18,13,5,-0.856,15,640.3,42.68,Olive baboon,Papio_anubis,Cohesive,Single-level,Female philopatry,1.1078,0.4324,0.1001,0.1704,-0.1402,0.4330,0.0601,0.2260,-0.0117,0.2038,0.2389,0.1703
GASHAKA,kwano,2014,kwano_2014,19,14,5,-0.767,18,471.8,26.21,Olive baboon,Papio_anubis,Cohesive,Single-level,Female philopatry,0.8783,0.4578,0.0005,0.1965,-0.1022,0.5471,0.0027,0.2460,-0.2195,0.1972,0.0092,0.1617
GASHAKA,kwano,2015,kwano_2015,15,10,5,-1.138,13,675.5,51.96,Olive baboon,Papio_anubis,Cohesive,Single-level,Female philopatry,1.2876,0.6814,0.2456,0.2887,0.1131,0.6465,0.1352,0.3102,-0.0967,0.2933,-0.2404,0.3016
GASHAKA,kwano,2016,kwano_2016,18,10,8,-0.856,18,251.8,13.99,Olive baboon,Papio_anubis,Cohesive,Single-level,Female philopatry,1.6511,0.9239,0.0738,0.3014,0.8065,0.8035,0.0540,0.3348,-0.1152,0.2728,0.0679,0.2609
KASANKA,FIBWE,2011,FIBWE_2011,23,18,5,-0.434,19,111.6,5.87,Kinda baboon,Papio_kindae,Cliquish,Single-level,Female philopatry,0.6923,1.1246,-0.1175,0.3155,-0.2786,0.7835,0.3387,0.5023,0.1156,0.3189,0.0880,0.2453
KASANKA,FIBWE,2012,FIBWE_2012,25,19,6,-0.278,23,188.4,8.19,Kinda baboon,Papio_kindae,Cliquish,Single-level,Female philopatry,1.3834,0.9727,0.3424,0.2164,0.1642,0.6039,0.4041,0.4881,-0.2280,0.3261,0.3984,0.2108
KASANKA,FIBWE,2013,FIBWE_2013,21,16,5,-0.597,18,237.2,13.18,Kinda baboon,Papio_kindae,Cliquish,Single-level,Female philopatry,0.8101,0.7099,0.5531,0.1839,0.0875,0.5083,0.2422,0.4322,-0.2810,0.2921,0.6580,0.2692
KASANKA,FIBWE,2014,FIBWE_2014,20,16,4,-0.681,20,326.9,16.35,Kinda baboon,Papio_kindae,Cliquish,Single-level,Female philopatry,0.8190,0.9481,0.2996,0.1963,0.2554,0.4522,-0.0125,0.4527,0.2917,0.3207,0.1994,0.2801
KASANKA,FIBWE,2015,FIBWE_2015,25,21,4,-0.278,21,294.2,14.01,Kinda baboon,Papio_kindae,Cliquish,Single-level,Female philopatry,1.2817,0.6640,0.4278,0.1682,-0.1199,0.3855,0.2234,0.5827,0.5979,0.3187,-0.2468,0.2851
KASANKA,FIBWE,2016,FIBWE_2016,24,21,3,-0.355,22,275,12.50,Kinda baboon,Papio_kindae,Cliquish,Single-level,Female philopatry,1.1711,0.5963,0.3246,0.1534,-0.0371,0.3747,-0.1893,0.7610,0.3195,0.3888,-0.1043,0.2915
KASANKA,FIBWE,2017,FIBWE_2017,30,25,5,0.086,26,251.4,9.67,Kinda baboon,Papio_kindae,Cliquish,Single-level,Female philopatry,1.9398,0.5077,0.2824,0.1590,-0.0891,0.3516,0.5554,0.4993,0.0276,0.2777,0.2000,0.1927
KASANKA,FIBWE,2018,FIBWE_2018,27,23,4,-0.128,23,96.5,4.20,Kinda baboon,Papio_kindae,Cliquish,Single-level,Female philopatry,1.8660,0.7653,0.3918,0.2245,0.5085,0.4909,0.3082,0.6306,-0.2371,0.3201,-0.5190,0.2452
KIBALE,BT1,2010,BT1_2010,13,8,5,-1.342,17,119.4,7.02,Gray-cheeked mangabey,Lophocebus_aterrimus,Cohesive,Single-level,Female philopatry,1.2334,0.6005,0.1663,0.2529,-0.3228,0.6723,0.1307,0.3724,-0.1773,0.3550,-0.3238,0.2652
KIBALE,BT1,2011,BT1_2011,11,8,3,-1.563,7,37.2,5.32,Gray-cheeked mangabey,Lophocebus_aterrimus,Cohesive,Single-level,Female philopatry,1.7013,1.1179,-0.1260,0.5033,-0.0175,1.0400,0.2218,0.8533,0.9413,0.6506,0.2623,0.3247
KIBALE,BT1,2012,BT1_2012,11,8,3,-1.563,8,38.1,4.76,Gray-cheeked mangabey,Lophocebus_aterrimus,Cohesive,Single-level,Female philopatry,1.1541,0.8489,0.0709,0.3655,-0.1839,0.9431,0.1905,0.8571,-0.7472,0.6592,-0.3445,0.4609
KIBALE,BT1,2013,BT1_2013,10,8,2,-1.681,7,53.4,7.63,Gray-cheeked mangabey,Lophocebus_aterrimus,Cohesive,Single-level,Female philopatry,0.9056,0.8366,0.3078,0.3463,-0.1761,0.6544,,,,,,
KIBALE,LC1,2010,LC1_2010,15,7,8,-1.138,13,105.4,8.11,Gray-cheeked mangabey,Lophocebus_aterrimus,Cohesive,Single-level,Female philopatry,-0.3319,0.6883,0.2971,0.2904,-0.9862,1.2820,-0.4326,0.3309,-0.8821,0.3320,0.0962,0.2533
KIBALE,LC1,2011,LC1_2011,11,8,3,-1.563,7,102,14.57,Gray-cheeked mangabey,Lophocebus_aterrimus,Cohesive,Single-level,Female philopatry,0.2131,0.5390,0.0494,0.2672,-0.2920,0.6169,0.3463,0.7760,-0.4702,0.5949,-1.0769,0.3088
KIBALE,LC1,2013,LC1_2013,11,8,3,-1.563,7,83.1,11.87,Gray-cheeked mangabey,Lophocebus_aterrimus,Cohesive,Single-level,Female philopatry,-0.7731,0.8397,-0.3211,0.4050,0.4859,0.8961,0.0968,0.6526,-0.6062,0.5401,-0.5025,0.4516
KIBALE,MK,2010,MK_2010,8,5,3,-1.935,6,58.3,9.71,Gray-cheeked mangabey,Lophocebus_aterrimus,Cohesive,Single-level,Female philopatry,-0.0126,0.8564,0.3156,0.4969,-0.2030,0.9175,1.6039,0.6255,0.1053,0.6409,0.0271,0.7019
KIBALE,MK,2011,MK_2011,6,4,2,-2.225,4,22,5.50,Gray-cheeked mangabey,Lophocebus_aterrimus,Cohesive,Single-level,Female philopatry,0.2287,1.7737,0.5192,0.9822,-0.4053,1.6574,,,,,,
LAIKIPIA,ENK,Post-dispersal,ENK_Post-dispersal,22,16,6,-0.514,22,278.8,12.67,Olive baboon,Papio_anubis,Cohesive,Single-level,Female philopatry,1.1855,0.4398,0.0135,0.2238,-0.0752,0.6401,0.0943,0.6251,0.3215,0.4555,0.0083,0.1642
LAIKIPIA,ENK,Post-fission,ENK_Post-fission,16,9,7,-1.041,15,347.5,23.17,Olive baboon,Papio_anubis,Cohesive,Single-level,Female philopatry,0.6128,0.4760,0.5699,0.2852,0.2874,0.4799,0.6260,0.4094,0.2642,0.3851,0.1466,0.2311
LAIKIPIA,ENK,Pre-dispersal,ENK_Pre-dispersal,17,11,6,-0.947,17,295.5,17.38,Olive baboon,Papio_anubis,Cohesive,Single-level,Female philopatry,0.6388,0.4382,-0.2357,0.2191,0.7929,0.4905,-0.0551,0.4429,-0.1330,0.3788,-0.0042,0.1820
LAIKIPIA,ENK,Stable,ENK_Stable,15,8,7,-1.138,16,298.5,18.66,Olive baboon,Papio_anubis,Cohesive,Single-level,Female philopatry,0.4399,0.4639,-0.0747,0.2670,0.3804,0.6567,0.1015,0.3297,-0.1791,0.3239,0.1191,0.2432
LAIKIPIA,PHG,Post-dispersal,PHG_Post-dispersal,21,14,7,-0.597,25,277.3,11.09,Olive baboon,Papio_anubis,Cohesive,Single-level,Female philopatry,1.3449,0.4339,0.1625,0.1744,0.0659,0.4805,-0.0555,0.2269,0.0427,0.2010,-0.0464,0.1664
LAIKIPIA,PHG,Post-fission,PHG_Post-fission,25,18,7,-0.278,28,620.3,22.15,Olive baboon,Papio_anubis,Cohesive,Single-level,Female philopatry,0.8418,0.3607,-0.0517,0.1525,-0.0544,0.4374,0.2347,0.3591,0.2738,0.2677,-0.0047,0.1683
LAIKIPIA,PHG,Pre-dispersal,PHG_Pre-dispersal,31,21,10,0.155,31,522.8,16.86,Olive baboon,Papio_anubis,Cohesive,Single-level,Female philopatry,2.5826,0.3398,-0.0134,0.1394,0.2773,0.3792,0.8793,0.2701,0.2454,0.2169,0.0403,0.1380
LAIKIPIA,PHG,Stable,PHG_Stable,24,17,7,-0.355,28,600.8,21.46,Olive baboon,Papio_anubis,Cohesive,Single-level,Female philopatry,1.4734,0.4832,0.1407,0.1621,0.6682,0.4200,-0.0482,0.3698,0.1300,0.2695,0.0595,0.1793
LAIKIPIA,YNT,Post-fission,YNT_Post-fission,12,7,5,-1.450,11,219.3,19.93,Olive baboon,Papio_anubis,Cohesive,Single-level,Female philopatry,0.9804,1.0861,-0.2315,0.7125,-0.0523,0.8767,0.0020,0.5477,0.8567,0.5712,0.0498,0.4038
LEKEDI,LEKEDI,2013,LEKEDI_2013,38,29,9,0.611,40,314.7,7.87,Mandrill,Mandrillus_sphinx,Cliquish,Single-level,Female philopatry,2.2616,0.3841,0.5146,0.1115,0.0083,0.3175,0.2085,0.3785,0.2417,0.2280,0.3240,0.1294
LEKEDI,LEKEDI,2014,LEKEDI_2014,44,32,12,0.969,48,562.7,11.72,Mandrill,Mandrillus_sphinx,Cliquish,Single-level,Female philopatry,2.2620,0.3866,0.6324,0.1045,0.0898,0.5742,0.2627,0.3025,0.3244,0.1977,0.0847,0.1106
LEKEDI,LEKEDI,2015,LEKEDI_2015,49,37,12,1.249,56,744.1,13.29,Mandrill,Mandrillus_sphinx,Cliquish,Single-level,Female philopatry,2.3628,0.3511,0.4637,0.0883,0.0708,0.2672,0.2026,0.2997,0.1746,0.1908,0.1119,0.1125
LEKEDI,LEKEDI,2016,LEKEDI_2016,54,42,12,1.515,59,645.1,10.93,Mandrill,Mandrillus_sphinx,Cliquish,Single-level,Female philopatry,2.1978,0.3660,0.4570,0.0878,-0.0325,0.2859,0.6789,0.2883,0.0812,0.1688,0.0712,0.0894
MIZUMU,MIZUMU,2009,MIZUMU_2009,29,22,7,0.016,23,1248.3,54.28,Sanje mangabey,Cercocebus_chrysogaster,Cohesive,Single-level,Female philopatry,0.9796,0.7567,0.0856,0.1391,0.1821,0.2820,0.2038,0.4305,-0.3244,0.3187,-0.1858,0.1823
MIZUMU,MIZUMU,2010,MIZUMU_2010,30,21,9,0.086,21,1194.7,56.89,Sanje mangabey,Cercocebus_chrysogaster,Cohesive,Single-level,Female philopatry,1.1006,0.8374,0.3107,0.1839,-0.1480,0.3646,0.7805,0.2777,-0.1054,0.2368,0.1035,0.1523
MOREMI,MOREMI,1992,MOREMI_1992,37,23,14,0.549,37,438.2,11.84,Chacma baboon,Papio_ursinus,Cliquish,Single-level,Female philopatry,1.7187,0.4725,0.5179,0.1155,-0.1117,0.4541,0.2599,0.3544,-0.3946,0.2560,0.1036,0.1692
MOREMI,MOREMI,1993,MOREMI_1993,41,28,13,0.793,38,529.1,13.92,Chacma baboon,Papio_ursinus,Cliquish,Single-level,Female philopatry,2.7262,0.3753,0.4326,0.0991,0.3105,0.4337,0.3359,0.3658,0.0018,0.2211,0.0675,0.2384
MOREMI,MOREMI,2001,MOREMI_2001,45,33,12,1.026,46,329,7.15,Chacma baboon,Papio_ursinus,Cliquish,Single-level,Female philopatry,2.6077,0.3451,0.5447,0.0950,-0.5809,0.4101,0.0279,0.2888,0.4898,0.1935,0.2495,0.1083
MOREMI,MOREMI,2002,MOREMI_2002,49,36,13,1.249,42,478.6,11.39,Chacma baboon,Papio_ursinus,Cliquish,Single-level,Female philopatry,3.2824,0.3131,0.4851,0.0873,0.4273,0.4159,0.0039,0.3114,0.1652,0.2102,0.2919,0.1375
MOREMI,MOREMI,2003,MOREMI_2003,50,33,17,1.303,55,221.1,4.02,Chacma baboon,Papio_ursinus,Cliquish,Single-level,Female philopatry,2.8819,0.4020,0.4598,0.1239,-0.1246,0.5341,0.1494,0.2606,-0.0717,0.2008,0.2827,0.1227
MOREMI,MOREMI,2004,MOREMI_2004,41,28,13,0.793,44,277.8,6.31,Chacma baboon,Papio_ursinus,Cliquish,Single-level,Female philopatry,2.6255,0.4013,0.1259,0.1055,-0.2325,0.5509,0.2776,0.2784,0.3381,0.1873,0.4395,0.1046
MOREMI,MOREMI,2005,MOREMI_2005,35,26,9,0.421,39,90.8,2.33,Chacma baboon,Papio_ursinus,Cliquish,Single-level,Female philopatry,2.2124,0.4149,0.4366,0.1018,0.1016,0.2892,0.2782,0.4145,0.1088,0.2205,0.2606,0.1809
MOREMI,MOREMI,2006,MOREMI_2006,41,28,13,0.793,39,419.1,10.75,Chacma baboon,Papio_ursinus,Cliquish,Single-level,Female philopatry,2.7840,0.3981,0.3901,0.1024,0.0711,0.3364,0.2182,0.3481,0.0768,0.2506,0.1005,0.1677
MOREMI,MOREMI,2007,MOREMI_2007,41,26,15,0.793,33,782.4,23.71,Chacma baboon,Papio_ursinus,Cliquish,Single-level,Female philopatry,3.4177,0.3980,0.4009,0.1062,0.4896,0.3412,0.2646,0.3082,-0.0354,0.2099,0.2445,0.1195
SIMENTI,GB_5,2016,GB_5_2016,16,8,8,-1.041,17,129.1,7.60,Guinea baboon,Papio_papio,Multi-level,Multi-level,Female dispersal,1.0621,0.8447,-0.2732,0.3120,2.4150,0.6588,1.6062,0.2242,0.1761,0.2262,-0.0458,0.1981
SIMENTI,GB_5,2017,GB_5_2017,15,8,7,-1.138,17,227.1,13.36,Guinea baboon,Papio_papio,Multi-level,Multi-level,Female dispersal,0.6062,0.6720,-0.0856,0.2703,1.5761,0.5747,1.3604,0.2788,0.2953,0.2605,-0.1009,0.2410
SIMENTI,GB_5,2018,GB_5_2018,20,12,8,-0.681,24,243.1,10.13,Guinea baboon,Papio_papio,Multi-level,Multi-level,Female dispersal,0.5629,0.9681,0.2282,0.2644,1.8475,0.6226,0.9918,0.2451,0.0540,0.2211,-0.1853,0.2124
SIMENTI,GB_5,2019,GB_5_2019,25,16,9,-0.278,25,219.2,8.77,Guinea baboon,Papio_papio,Multi-level,Multi-level,Female dispersal,-0.2484,0.9530,-0.1542,0.1565,3.5495,0.5104,0.5762,0.2582,-0.0097,0.2077,0.2150,0.1663
SIMENTI,GB_6,2016,GB_6_2016,22,10,12,-0.514,22,168.8,7.67,Guinea baboon,Papio_papio,Multi-level,Multi-level,Female dispersal,0.4390,0.6632,-0.4483,0.2479,2.6287,0.6528,1.2516,0.2675,0.0628,0.2797,-0.1488,0.1896
SIMENTI,GB_6,2017,GB_6_2017,21,10,11,-0.597,25,330.4,13.22,Guinea baboon,Papio_papio,Multi-level,Multi-level,Female dispersal,2.1438,0.6889,-0.0392,0.2628,1.5098,0.5284,1.1442,0.3181,-0.3296,0.3293,0.1535,0.1930
SIMENTI,GB_6,2018,GB_6_2018,26,14,12,-0.202,27,307.8,11.40,Guinea baboon,Papio_papio,Multi-level,Multi-level,Female dispersal,2.3926,0.8841,0.0144,0.2444,2.7893,0.5215,0.6628,0.2958,-0.0184,0.3111,0.1102,0.1746
SIMENTI,GB_6,2019,GB_6_2019,23,14,9,-0.434,25,184,7.36,Guinea baboon,Papio_papio,Multi-level,Multi-level,Female dispersal,2.0497,0.8824,0.0657,0.2538,2.3607,0.7087,0.8210,0.2410,-0.0603,0.2221,-0.1917,0.1865
SIMENTI,GB_9,2016,GB_9_2016,27,16,11,-0.128,28,193.1,6.90,Guinea baboon,Papio_papio,Multi-level,Multi-level,Female dispersal,1.0203,0.3670,0.0425,0.1642,3.1573,0.3755,1.4450,0.1995,-0.1085,0.1956,-0.0331,0.1417
SIMENTI,GB_9,2017,GB_9_2017,28,16,12,-0.055,29,401,13.83,Guinea baboon,Papio_papio,Multi-level,Multi-level,Female dispersal,1.0372,0.3835,0.5245,0.1587,2.6042,0.3905,1.1775,0.2715,-0.0852,0.2614,-0.0073,0.1671
SIMENTI,GB_9,2018,GB_9_2018,28,15,13,-0.055,29,325.5,11.22,Guinea baboon,Papio_papio,Multi-level,Multi-level,Female dispersal,0.7496,0.5038,0.2102,0.2079,2.6261,0.4962,0.9110,0.3022,-0.4050,0.2911,-0.3665,0.1491
SIMENTI,GB_9,2019,GB_9_2019,21,9,12,-0.597,26,239.2,9.20,Guinea baboon,Papio_papio,Multi-level,Multi-level,Female dispersal,0.6752,0.8650,0.3821,0.3442,1.9261,1.1990,0.4629,0.2250,0.4128,0.2598,-0.0983,0.3071
SIMIENS,Mid,2009,Mid_2009,52,41,11,1.410,60,142.8,2.38,Gelada,Theropithecus_gelada,Multi-level,Multi-level,Female philopatry,3.7613,0.2858,-0.1092,0.0961,0.7607,0.4471,0.4384,0.3645,0.0081,0.2105,0.0756,0.1300
SIMIENS,Mid,2010,Mid_2010,58,43,15,1.719,66,199.2,3.02,Gelada,Theropithecus_gelada,Multi-level,Multi-level,Female philopatry,3.3884,0.1895,0.0724,0.0863,1.9695,0.3211,0.5672,0.2451,0.0441,0.1572,0.1773,0.0984
SIMIENS,Mid,2011,Mid_2011,58,46,12,1.719,66,267.8,4.06,Gelada,Theropithecus_gelada,Multi-level,Multi-level,Female philopatry,2.6590,0.2227,-0.1182,0.0732,2.4645,0.2676,0.7451,0.2593,0.1285,0.1557,0.0955,0.0997
SIMIENS,Mid,2012,Mid_2012,62,50,12,1.916,66,289.2,4.38,Gelada,Theropithecus_gelada,Multi-level,Multi-level,Female philopatry,3.3838,0.2778,-0.0086,0.0823,2.1711,0.2607,0.5355,0.3251,0.0497,0.1749,-0.2484,0.1002
SIMIENS,Mid,2013,Mid_2013,68,53,15,2.200,69,334.3,4.85,Gelada,Theropithecus_gelada,Multi-level,Multi-level,Female philopatry,2.7141,0.2261,-0.3047,0.0734,0.6726,0.3615,0.2543,0.2580,0.0427,0.1535,0.0745,0.0776
SIMIENS,Mid,2014,Mid_2014,71,54,17,2.337,76,342.1,4.50,Gelada,Theropithecus_gelada,Multi-level,Multi-level,Female philopatry,3.3375,0.2647,-0.0316,0.0761,1.8186,0.2274,0.6113,0.2496,0.1400,0.1535,-0.0511,0.0903
SIMIENS,Mid,2015,Mid_2015,75,58,17,2.516,78,497,6.37,Gelada,Theropithecus_gelada,Multi-level,Multi-level,Female philopatry,3.1109,0.2539,-0.0239,0.0865,2.3288,0.1965,0.5864,0.2634,0.1293,0.1506,0.1415,0.0812
SIMIENS,Mid,2016,Mid_2016,77,58,19,2.603,83,275.2,3.32,Gelada,Theropithecus_gelada,Multi-level,Multi-level,Female philopatry,3.3945,0.2554,-0.1716,0.0882,1.6325,0.2866,0.3007,0.2453,-0.1015,0.1482,0.1433,0.0844
SIMIENS,Mid,2018,Mid_2018,68,48,20,2.200,91,240.3,2.64,Gelada,Theropithecus_gelada,Multi-level,Multi-level,Female philopatry,4.1005,0.2325,-0.0810,0.0896,0.9929,0.3316,0.7420,0.2216,-0.0478,0.1623,0.1408,0.0870
SIMIENS,Small,2009,Small_2009,39,28,11,0.672,41,225.3,5.49,Gelada,Theropithecus_gelada,Multi-level,Multi-level,Female philopatry,3.2022,0.2736,0.0349,0.0974,2.6499,0.3211,0.6079,0.2385,-0.2545,0.1739,0.0980,0.1544
SIMIENS,Small,2010,Small_2010,37,28,9,0.549,40,205.5,5.14,Gelada,Theropithecus_gelada,Multi-level,Multi-level,Female philopatry,1.7588,0.4179,0.0573,0.1047,3.2401,0.2787,0.7192,0.3273,-0.0868,0.2154,0.2697,0.1434
SIMIENS,Small,2011,Small_2011,42,28,14,0.852,46,443.6,9.64,Gelada,Theropithecus_gelada,Multi-level,Multi-level,Female philopatry,2.8815,0.3936,-0.1891,0.0959,2.3501,0.3326,0.5602,0.2673,0.0250,0.2014,0.0150,0.1028
SIMIENS,Small,2012,Small_2012,45,27,18,1.026,45,381.9,8.49,Gelada,Theropithecus_gelada,Multi-level,Multi-level,Female philopatry,3.4354,0.2498,-0.1371,0.0853,2.5186,0.3154,0.6202,0.2818,0.0095,0.2367,0.0762,0.0877
SIMIENS,Small,2013,Small_2013,35,23,12,0.421,36,196.4,5.45,Gelada,Theropithecus_gelada,Multi-level,Multi-level,Female philopatry,2.3223,0.3944,-0.4351,0.1188,1.3934,0.4194,0.6471,0.2432,0.0486,0.1921,-0.1945,0.1226
SIMIENS,Small,2014,Small_2014,35,25,10,0.421,42,450.5,10.73,Gelada,Theropithecus_gelada,Multi-level,Multi-level,Female philopatry,2.3902,0.3965,0.0541,0.1066,1.5280,0.4251,0.3279,0.3510,0.1005,0.2417,-0.1645,0.1179
SIMIENS,Small,2015,Small_2015,40,28,12,0.733,44,762.4,17.33,Gelada,Theropithecus_gelada,Multi-level,Multi-level,Female philopatry,1.7032,0.2806,0.1357,0.0723,3.7009,0.2109,1.0967,0.2500,-0.0485,0.1802,0.0214,0.0965
SIMIENS,Small,2016,Small_2016,41,30,11,0.793,45,415,9.22,Gelada,Theropithecus_gelada,Multi-level,Multi-level,Female philopatry,2.5748,0.3926,-0.1105,0.1005,3.0421,0.2617,0.7650,0.2786,0.0276,0.1973,0.0399,0.1197
SIMIENS,Small,2017,Small_2017,49,33,16,1.249,52,308.8,5.94,Gelada,Theropithecus_gelada,Multi-level,Multi-level,Female philopatry,3.2820,0.3174,-0.0692,0.0907,2.6465,0.2416,1.0451,0.2732,0.0234,0.1835,0.1198,0.1029
SIMIENS,Small,2018,Small_2018,48,33,15,1.194,56,650.9,11.62,Gelada,Theropithecus_gelada,Multi-level,Multi-level,Female philopatry,3.1772,0.3595,-0.0866,0.0789,3.3152,0.1865,0.9569,0.2569,-0.2298,0.1713,0.1671,0.1153
SIMIENS,Small,2019,Small_2019,48,35,13,1.194,56,277.6,4.96,Gelada,Theropithecus_gelada,Multi-level,Multi-level,Female philopatry,4.1426,0.2484,-0.0476,0.1093,2.5055,0.2839,0.4900,0.3331,0.0343,0.2174,0.1283,0.1121
TAI,TAI,2014,TAI_2014,27,22,5,-0.128,26,1353.9,52.07,Sooty mangabey,Cercocebus_lunulatus,Cohesive,Single-level,Female philopatry,0.9785,0.4779,0.3203,0.1187,-0.2061,0.2729,0.3401,0.5538,0.1950,0.3088,0.1727,0.1686
TAI,TAI,2015,TAI_2015,29,21,8,0.016,27,2173.3,80.49,Sooty mangabey,Cercocebus_lunulatus,Cohesive,Single-level,Female philopatry,0.4992,0.5506,0.2786,0.1367,-0.0042,0.3241,0.2778,0.4063,0.4086,0.2809,-0.0343,0.1386
TAI,TAI,2016,TAI_2016,30,22,8,0.086,30,1970.6,65.69,Sooty mangabey,Cercocebus_lunulatus,Cohesive,Single-level,Female philopatry,0.7835,0.4360,0.3479,0.1218,0.1459,0.3542,-0.5355,0.3682,0.3639,0.2479,0.1559,0.1341
TAI,TAI,2017,TAI_2017,22,19,3,-0.514,21,1534.8,73.09,Sooty mangabey,Cercocebus_lunulatus,Cohesive,Single-level,Female philopatry,0.5408,0.5741,0.7520,0.1319,0.2712,0.4483,0.5944,0.6916,0.3833,0.3380,-0.3739,0.1547
TAI,TAI,2018,TAI_2018,20,17,3,-0.681,21,1681.6,80.07,Sooty mangabey,Cercocebus_lunulatus,Cohesive,Single-level,Female philopatry,0.2726,0.4725,0.4143,0.1439,-0.1519,0.3043,0.2129,0.8076,0.3182,0.4063,-0.0345,0.2076
TAI,TAI,2019,TAI_2019,21,18,3,-0.597,21,1988.9,94.71,Sooty mangabey,Cercocebus_lunulatus,Cohesive,Single-level,Female philopatry,0.3958,0.5763,0.1415,0.1377,0.0400,0.2728,0.2044,0.5736,1.0540,0.2853,-0.1171,0.1725
TAI,TAI,2020,TAI_2020,23,20,3,-0.434,19,1805.9,95.05,Sooty mangabey,Cercocebus_lunulatus,Cohesive,Single-level,Female philopatry,1.1537,0.5009,0.1088,0.1291,0.2731,0.2475,0.1024,0.6640,-0.1311,0.3000,-0.3706,0.1373
TAI,TAI,2021,TAI_2021,27,22,5,-0.128,19,2313.5,121.76,Sooty mangabey,Cercocebus_lunulatus,Cohesive,Single-level,Female philopatry,1.0492,0.3649,0.0526,0.1404,0.2121,0.2639,0.3458,0.4899,0.0422,0.2766,-0.0602,0.1613
TSAOBIS,J,2005,J_2005,25,17,8,-0.278,17,311.1,18.30,Chacma baboon,Papio_ursinus,Cliquish,Single-level,Female philopatry,1.6113,0.8690,0.2226,0.1946,0.0218,0.6067,0.3485,0.3829,0.6758,0.2954,0.2210,0.1987
TSAOBIS,J,2006,J_2006,23,17,6,-0.434,17,576.9,33.94,Chacma baboon,Papio_ursinus,Cliquish,Single-level,Female philopatry,1.1966,0.6249,0.0775,0.1642,0.0660,0.3715,0.3066,0.5747,0.1310,0.3519,0.0781,0.1901
TSAOBIS,J,2013,J_2013,28,18,10,-0.055,28,476.4,17.01,Chacma baboon,Papio_ursinus,Cliquish,Single-level,Female philopatry,1.3123,0.5649,0.8485,0.1418,0.2185,0.3738,0.4173,0.3808,0.1377,0.3034,0.0364,0.1401
TSAOBIS,J,2014,J_2014,27,18,9,-0.128,27,637.4,23.61,Chacma baboon,Papio_ursinus,Cliquish,Single-level,Female philopatry,0.6803,0.6523,0.6369,0.1532,0.2721,0.3811,0.3199,0.2697,-0.2116,0.2352,0.2720,0.1629
TSAOBIS,L,2005,L_2005,15,10,5,-1.138,9,262,29.11,Chacma baboon,Papio_ursinus,Cliquish,Single-level,Female philopatry,1.9829,1.0116,0.6876,0.2734,-0.5132,0.7418,0.3029,0.4743,-0.5261,0.3999,0.4480,0.2690
TSAOBIS,L,2006,L_2006,16,11,5,-1.041,10,677.1,67.71,Chacma baboon,Papio_ursinus,Cliquish,Single-level,Female philopatry,1.5239,0.5943,0.5985,0.2096,0.4252,0.4747,0.3073,0.4634,0.1767,0.3557,0.1152,0.1802
TSAOBIS,L,2013,L_2013,30,20,10,0.086,25,400.7,16.03,Chacma baboon,Papio_ursinus,Cliquish,Single-level,Female philopatry,1.5711,0.3594,0.5980,0.1260,0.7085,0.4615,-0.1072,0.3207,0.4881,0.2471,0.0266,0.1335
TSAOBIS,L,2014,L_2014,29,20,9,0.016,28,664,23.71,Chacma baboon,Papio_ursinus,Cliquish,Single-level,Female philopatry,1.6025,0.3475,0.5466,0.1244,-0.2395,0.4241,0.2909,0.2878,0.7060,0.2117,-0.0873,0.1279