population_id,group_id,year,species,phylo,Obs.Effort,N.Sampled,GroupSize,N.Fem,N.Male,Obs.Effort.Per.Capita,N.Dyads,N.Groomed,Density,Modularity,Density.F,Modularity.F,Cat.Classic,Cat.New,Philopatry,Sqrt.Effort,group.year,ff.kinship.r,ff.kinship.se,ff.rank.r,ff.rank.se,ff.groomee.r,ff.groomee.se,ff.male.r,ff.male.se,fm.rank.male.r,fm.rank.male.se,fm.rank.fem.r,fm.rank.fem.se,fm.rank.intx.r,fm.rank.intx.se,fm.sex.r,fm.sex.se
AMBOSELI,AMB_GRP_005,2003,Papio_cynocephalus,Papio_cynocephalus,997.6,12,14,12,2,83.13,91,80,0.8791,0.1656,0.9394,0,Single-level,Cohesive,Female philopatric,9.12,AMB_GRP_005_2003,0.772,0.234,-0.182,0.163,-0.404,0.204,0.119,0.265,,,,,,,,
AMBOSELI,AMB_GRP_005,2004,Papio_cynocephalus,Papio_cynocephalus,1089.4,13,25,13,12,83.8,300,138,0.46,0.1992,0.7179,0.2467,Single-level,Cohesive,Female philopatric,9.15,AMB_GRP_005_2004,1.241,0.27,0.176,0.178,0.327,0.214,0.01,0.316,-0.081,0.269,0.219,0.284,0.314,0.106,-0.169,0.21
AMBOSELI,AMB_GRP_005,2005,Papio_cynocephalus,Papio_cynocephalus,1407.4,10,20,10,10,140.74,190,102,0.5368,0.2166,0.8667,0.1717,Single-level,Cohesive,Female philopatric,11.86,AMB_GRP_005_2005,0.322,0.293,0.389,0.113,0.17,0.173,-0.004,0.246,-0.093,0.38,-0.013,0.334,0.346,0.124,-0.297,0.217
AMBOSELI,AMB_GRP_005,2006,Papio_cynocephalus,Papio_cynocephalus,1460.2,10,18,10,8,146.02,153,83,0.5425,0.01,0.8889,0.0455,Single-level,Cohesive,Female philopatric,12.08,AMB_GRP_005_2006,0.435,0.278,0.267,0.136,0.134,0.216,0.057,0.296,0.34,0.575,0.09,0.467,-0.153,0.127,-0.042,0.229
AMBOSELI,AMB_GRP_005,2007,Papio_cynocephalus,Papio_cynocephalus,1493.2,10,18,10,8,149.32,153,91,0.5948,0.212,0.9333,0.0266,Single-level,Cohesive,Female philopatric,12.22,AMB_GRP_005_2007,0.738,0.299,0.238,0.139,0.176,0.228,-0.227,0.375,0.253,0.294,0.137,0.247,-0.007,0.132,-0.134,0.236
AMBOSELI,AMB_GRP_021,2003,Papio_cynocephalus,Papio_cynocephalus,1013.2,23,38,23,15,44.05,703,320,0.4552,0.1723,0.6126,0.092,Single-level,Cohesive,Female philopatric,6.64,AMB_GRP_021_2003,1.519,0.181,0.001,0.092,-0.153,0.15,0.202,0.301,0.367,0.173,0.084,0.149,-0.061,0.087,-0.214,0.154
AMBOSELI,AMB_GRP_021,2004,Papio_cynocephalus,Papio_cynocephalus,904.2,26,41,25,16,34.78,820,300,0.3659,0.2505,0.4833,0.2848,Single-level,Cohesive,Female philopatric,5.9,AMB_GRP_021_2004,0.853,0.177,0.192,0.082,0.265,0.149,0.585,0.268,0.233,0.125,0.114,0.105,-0.098,0.081,-0.166,0.156
AMBOSELI,AMB_GRP_021,2005,Papio_cynocephalus,Papio_cynocephalus,1318.4,27,43,27,16,48.83,903,337,0.3732,0.2591,0.4729,0.2939,Single-level,Cohesive,Female philopatric,6.99,AMB_GRP_021_2005,1.069,0.163,0.249,0.079,-0.006,0.129,-0.408,0.266,0.188,0.159,0.319,0.133,0.094,0.081,0.064,0.152
AMBOSELI,AMB_GRP_021,2006,Papio_cynocephalus,Papio_cynocephalus,1452.8,30,50,30,20,48.43,1225,310,0.2531,0.291,0.3747,0.2983,Single-level,Cohesive,Female philopatric,6.96,AMB_GRP_021_2006,1.335,0.176,0.198,0.092,0.025,0.14,0.172,0.314,0.214,0.203,0.201,0.18,0.038,0.091,-0.123,0.164
AMBOSELI,AMB_GRP_021,2007,Papio_cynocephalus,Papio_cynocephalus,886.8,30,51,30,21,29.56,1275,335,0.2627,0.3974,0.4,0.3595,Single-level,Cohesive,Female philopatric,5.44,AMB_GRP_021_2007,1.49,0.155,0.404,0.078,-0.06,0.132,0.199,0.268,0.58,0.185,-0.099,0.158,-0.107,0.091,-0.033,0.155
AMBOSELI,AMB_GRP_042,2003,Papio_cynocephalus,Papio_cynocephalus,983.4,26,42,26,16,37.82,861,324,0.3763,0.3373,0.6123,0.2944,Single-level,Cohesive,Female philopatric,6.15,AMB_GRP_042_2003,1.34,0.187,0.141,0.081,-0.203,0.136,0.207,0.277,0.283,0.183,0.364,0.161,-0.071,0.108,-0.289,0.193
AMBOSELI,AMB_GRP_042,2004,Papio_cynocephalus,Papio_cynocephalus,983.8,25,42,25,17,39.35,861,327,0.3798,0.216,0.56,0.2805,Single-level,Cohesive,Female philopatric,6.27,AMB_GRP_042_2004,1.242,0.171,0.314,0.09,0.109,0.124,0.493,0.211,0.271,0.2,0.242,0.179,0.335,0.112,-0.292,0.156
AMBOSELI,AMB_GRP_042,2005,Papio_cynocephalus,Papio_cynocephalus,1099.8,25,47,25,22,43.99,1081,331,0.3062,0.3462,0.5633,0.3251,Single-level,Cohesive,Female philopatric,6.63,AMB_GRP_042_2005,1.404,0.15,0.193,0.084,-0.085,0.122,0.984,0.248,0.287,0.163,0.486,0.167,-0.009,0.093,-0.109,0.148
AMBOSELI,AMB_GRP_042,2006,Papio_cynocephalus,Papio_cynocephalus,1263.8,26,46,26,20,48.61,1035,298,0.2879,0.1433,0.4369,0.3886,Single-level,Cohesive,Female philopatric,6.97,AMB_GRP_042_2006,1.004,0.185,0.354,0.092,0.043,0.14,0.413,0.327,0.352,0.215,0.44,0.197,-0.016,0.103,-0.011,0.155
AMBOSELI,AMB_GRP_042,2007,Papio_cynocephalus,Papio_cynocephalus,1220.8,29,45,29,16,42.1,990,292,0.2949,0.3001,0.3916,0.4015,Single-level,Cohesive,Female philopatric,6.49,AMB_GRP_042_2007,1.916,0.178,0.281,0.102,0.057,0.139,0.088,0.366,0.528,0.217,0.279,0.189,-0.127,0.113,-0.194,0.165
AMBOSELI,AMB_GRP_043,2003,Papio_cynocephalus,Papio_cynocephalus,971,14,23,14,9,69.36,253,130,0.5138,0.2545,0.6703,0.282,Single-level,Cohesive,Female philopatric,8.33,AMB_GRP_043_2003,0.889,0.271,0.2,0.132,-0.378,0.216,0.447,0.35,0.349,0.232,0.007,0.221,0.068,0.098,-0.03,0.193
AMBOSELI,AMB_GRP_043,2004,Papio_cynocephalus,Papio_cynocephalus,888.2,15,25,15,10,59.21,300,173,0.5767,0.071,0.7619,0.293,Single-level,Cohesive,Female philopatric,7.7,AMB_GRP_043_2004,1.274,0.265,0.095,0.121,0.047,0.197,0.004,0.243,0.221,0.192,0.1,0.147,0.006,0.068,-0.046,0.149
AMBOSELI,AMB_GRP_043,2005,Papio_cynocephalus,Papio_cynocephalus,1467.2,18,37,18,19,81.51,666,228,0.3423,0.1343,0.6405,0.3613,Single-level,Cohesive,Female philopatric,9.03,AMB_GRP_043_2005,1.24,0.291,0.179,0.141,-0.14,0.207,0.08,0.301,0.279,0.192,0.173,0.204,-0.027,0.083,-0.141,0.166
AMBOSELI,AMB_GRP_043,2006,Papio_cynocephalus,Papio_cynocephalus,1482.2,17,29,17,12,87.19,406,181,0.4458,0.286,0.7574,0.2204,Single-level,Cohesive,Female philopatric,9.34,AMB_GRP_043_2006,0.52,0.25,0.262,0.113,-0.143,0.161,0.621,0.334,0.251,0.153,0.078,0.142,0.325,0.114,-0.418,0.223
AMBOSELI,AMB_GRP_043,2007,Papio_cynocephalus,Papio_cynocephalus,1425.8,17,33,17,16,83.87,528,238,0.4508,0.2844,0.7794,0.2012,Single-level,Cohesive,Female philopatric,9.16,AMB_GRP_043_2007,0.988,0.216,0.241,0.093,0.231,0.156,0.283,0.273,0.525,0.161,-0.084,0.157,0.142,0.088,-0.385,0.174
AMBOSELI,AMB_GRP_047,2003,Papio_cynocephalus,Papio_cynocephalus,1073.4,14,23,14,9,76.67,253,154,0.6087,0.2551,0.8462,0.2146,Single-level,Cohesive,Female philopatric,8.76,AMB_GRP_047_2003,0.548,0.301,0.648,0.126,-0.174,0.212,0.162,0.433,-0.1,0.252,-0.008,0.201,0.062,0.102,-0.017,0.196
AMBOSELI,AMB_GRP_047,2004,Papio_cynocephalus,Papio_cynocephalus,976,17,28,17,11,57.41,378,179,0.4735,0.3365,0.6985,0.3412,Single-level,Cohesive,Female philopatric,7.58,AMB_GRP_047_2004,0.47,0.231,0.706,0.103,-0.046,0.185,-0.17,0.293,0.235,0.209,-0.073,0.159,0.038,0.102,-0.128,0.182
AMBOSELI,AMB_GRP_047,2005,Papio_cynocephalus,Papio_cynocephalus,1719.4,21,33,21,12,81.88,528,238,0.4508,0.1448,0.6571,0.3691,Single-level,Cohesive,Female philopatric,9.05,AMB_GRP_047_2005,1.085,0.262,0.356,0.157,-0.518,0.179,-0.13,0.311,0.068,0.342,-0.165,0.276,0.177,0.098,-0.355,0.189
AMBOSELI,AMB_GRP_047,2006,Papio_cynocephalus,Papio_cynocephalus,1504.6,21,33,21,12,71.65,528,199,0.3769,0.373,0.4667,0.4417,Single-level,Cohesive,Female philopatric,8.46,AMB_GRP_047_2006,1.289,0.222,0.686,0.113,-0.112,0.173,-0.264,0.286,0.201,0.157,0.22,0.137,0.09,0.101,-0.283,0.2
AMBOSELI,AMB_GRP_047,2007,Papio_cynocephalus,Papio_cynocephalus,1431,22,36,22,14,65.05,630,218,0.346,0.3715,0.5238,0.4252,Single-level,Cohesive,Female philopatric,8.07,AMB_GRP_047_2007,0.49,0.201,0.733,0.111,-0.011,0.176,-0.019,0.292,0.32,0.181,-0.063,0.16,0.114,0.112,-0.182,0.204
FILOHA,FIL_CLA_01,1998,Papio_hamadryas,Papio_hamadryas,425.83,30,33,20,13,14.19,528,42,0.0795,0.851,0.0789,0.6147,Multi-level,Multi-level,Female dispersal,3.77,FIL_CLA_01_1998,,,-0.227,0.435,0.64,0.495,2.865,0.668,0.366,0.331,-0.026,0.524,0.28,0.532,-0.519,0.334
FILOHA,FIL_CLA_02,1997,Papio_hamadryas,Papio_hamadryas,116,20,20,12,8,5.8,190,26,0.1368,0.6462,0.1212,0.5554,Multi-level,Multi-level,Female dispersal,2.41,FIL_CLA_02_1997,,,-0.118,0.916,0.61,0.952,2.384,1.027,0.115,0.296,0.275,0.262,-0.126,0.278,-0.664,0.366
FILOHA,FIL_CLA_02,1998,Papio_hamadryas,Papio_hamadryas,214.83,18,19,12,7,11.94,171,27,0.1579,0.7362,0.197,0.3952,Multi-level,Multi-level,Female dispersal,3.45,FIL_CLA_02_1998,,,0.164,0.558,0.26,0.508,3.664,0.779,2.301,1.01,0.43,0.749,-0.772,0.807,-0.461,0.39
GASHAKA,GAS_GRP_01,2009,Papio_anubis,Papio_anubis,761,7,12,6,6,108.71,66,33,0.5,0.0702,1,0,Single-level,Cohesive,Female philopatric,10.43,GAS_GRP_01_2009,0.161,0.502,0.136,0.201,0.355,0.239,0.03,0.502,0.018,0.907,-0.164,0.542,-0.141,0.781,-0.982,0.714
GASHAKA,GAS_GRP_01,2010,Papio_anubis,Papio_anubis,461,12,9,6,3,38.42,36,20,0.5556,0.148,0.8,0,Single-level,Cohesive,Female philopatric,6.2,GAS_GRP_01_2010,0.488,0.749,0.084,0.548,-0.021,0.522,0.145,0.678,0.308,1.309,-0.471,1.104,-0.707,1.26,-2.177,0.988
GASHAKA,GAS_GRP_01,2013,Papio_anubis,Papio_anubis,699.5,4,5,4,1,174.88,10,7,0.7,0.01,1,0,Single-level,Cohesive,Female philopatric,13.22,GAS_GRP_01_2013,,,,,,,,,,,,,,,,
GASHAKA,GAS_GRP_01,2014,Papio_anubis,Papio_anubis,612.75,7,7,5,2,87.54,21,21,0.999,0.01,1,0,Single-level,Cohesive,Female philopatric,9.36,GAS_GRP_01_2014,0.172,0.406,-0.146,0.181,0.435,0.284,-0.306,0.593,,,,,,,,
GASHAKA,GAS_GRP_02,2009,Papio_anubis,Papio_anubis,601,17,24,14,10,35.35,276,98,0.3551,0.3129,0.5934,0.271,Single-level,Cohesive,Female philopatric,5.95,GAS_GRP_02_2009,1.061,0.327,0.064,0.135,-0.065,0.288,0.035,0.383,0.638,0.357,-0.274,0.3,0.409,0.184,-0.84,0.369
GASHAKA,GAS_GRP_02,2010,Papio_anubis,Papio_anubis,474.5,22,21,12,9,21.57,210,84,0.4,0.1813,0.6515,0.2346,Single-level,Cohesive,Female philopatric,4.64,GAS_GRP_02_2010,0.777,0.393,-0.096,0.199,0.367,0.395,0.216,0.622,0.415,0.314,0.212,0.328,-0.37,0.251,-0.621,0.321
GASHAKA,GAS_GRP_02,2011,Papio_anubis,Papio_anubis,427.25,17,19,12,7,25.13,171,61,0.3567,0.2307,0.4242,0.284,Single-level,Cohesive,Female philopatric,5.01,GAS_GRP_02_2011,0.891,0.592,-0.222,0.358,0.257,0.579,-1.08,0.67,-0.227,0.43,0.223,0.395,-0.281,0.306,-1.211,0.366
GASHAKA,GAS_GRP_02,2012,Papio_anubis,Papio_anubis,1512.5,17,19,12,7,88.97,171,133,0.7778,0.01,0.9545,0.133,Single-level,Cohesive,Female philopatric,9.43,GAS_GRP_02_2012,0.713,0.316,0.015,0.156,0.231,0.277,-0.108,0.365,0.239,0.456,-0.13,0.216,0.281,0.11,-1.489,0.217
GASHAKA,GAS_GRP_02,2013,Papio_anubis,Papio_anubis,640.25,15,18,13,5,42.68,153,103,0.6732,0.0825,0.6923,0.0735,Single-level,Cohesive,Female philopatric,6.53,GAS_GRP_02_2013,0.783,0.3,0.259,0.166,0.635,0.27,-0.602,0.454,-0.029,0.275,-0.018,0.191,0.313,0.202,-1.485,0.305
GASHAKA,GAS_GRP_02,2014,Papio_anubis,Papio_anubis,471.75,18,19,14,5,26.21,171,97,0.5673,0.0784,0.5275,0.0301,Single-level,Cohesive,Female philopatric,5.12,GAS_GRP_02_2014,0.669,0.295,-0.065,0.171,-0.31,0.245,-0.392,0.387,-0.114,0.312,-0.289,0.197,0.054,0.181,-0.563,0.233
GASHAKA,GAS_GRP_02,2015,Papio_anubis,Papio_anubis,675.5,13,15,10,5,51.96,105,63,0.6,0.2217,0.6,0.1736,Single-level,Cohesive,Female philopatric,7.21,GAS_GRP_02_2015,0.824,0.421,0.139,0.294,-0.363,0.284,-0.36,0.509,0.348,0.296,-0.055,0.24,0.017,0.277,-0.837,0.275
GASHAKA,GAS_GRP_02,2016,Papio_anubis,Papio_anubis,251.75,18,18,10,8,13.99,153,61,0.3987,0.3626,0.4667,0.1762,Single-level,Cohesive,Female philopatric,3.74,GAS_GRP_02_2016,1.024,0.461,-0.202,0.31,-0.526,0.37,0.447,0.631,0.261,0.212,-0.014,0.233,-0.03,0.134,-1.208,0.332
KASANKA,KAS_GRP_01,2011,Papio_kindae,Papio_kindae,111.57,19,23,18,5,5.87,253,44,0.1739,0.4147,0.1438,0.3282,Single-level,Cliquish,Female philopatric,2.42,KAS_GRP_01_2011,0.512,1.096,0.337,0.441,-0.331,0.766,0.326,0.933,0.203,0.935,0.092,0.525,0.287,0.608,0.802,0.449
KASANKA,KAS_GRP_01,2012,Papio_kindae,Papio_kindae,188.42,23,25,19,6,8.19,300,64,0.2133,0.4924,0.2281,0.4557,Single-level,Cliquish,Female philopatric,2.86,KAS_GRP_01_2012,0.793,0.819,0.08,0.252,-0.026,0.493,0.181,0.629,-0.025,0.6,-0.77,0.518,1.317,0.527,-0.066,0.265
KASANKA,KAS_GRP_01,2013,Papio_kindae,Papio_kindae,237.24,18,21,16,5,13.18,210,68,0.3238,0.401,0.4,0.3454,Single-level,Cliquish,Female philopatric,3.63,KAS_GRP_01_2013,0.256,0.625,0.428,0.202,0.355,0.309,-0.075,0.428,0.424,0.44,-0.183,0.332,0.712,0.362,0.645,0.45
KASANKA,KAS_GRP_01,2014,Papio_kindae,Papio_kindae,326.94,20,20,16,4,16.35,190,82,0.4316,0.362,0.4917,0.2762,Single-level,Cliquish,Female philopatric,4.04,KAS_GRP_01_2014,0.63,0.426,0.3,0.172,0.12,0.264,-0.1,0.4,0.029,0.492,0.083,0.262,-0.181,0.373,-0.002,0.348
KASANKA,KAS_GRP_01,2015,Papio_kindae,Papio_kindae,294.18,21,25,21,4,14.01,300,98,0.3267,0.4289,0.3619,0.3984,Single-level,Cliquish,Female philopatric,3.74,KAS_GRP_01_2015,1.163,0.41,0.101,0.152,0.367,0.29,0.015,0.397,0.191,0.672,0.482,0.388,0.106,0.496,0.07,0.4
KASANKA,KAS_GRP_01,2016,Papio_kindae,Papio_kindae,274.97,22,24,21,3,12.5,276,99,0.3587,0.4088,0.3857,0.3614,Single-level,Cliquish,Female philopatric,3.54,KAS_GRP_01_2016,0.597,0.373,0.407,0.168,-0.053,0.266,-0.11,0.339,-0.411,1.006,0.9,0.657,-0.655,1.064,-0.279,0.45
KASANKA,KAS_GRP_01,2017,Papio_kindae,Papio_kindae,251.44,26,30,25,5,9.67,435,97,0.223,0.4721,0.2433,0.4693,Single-level,Cliquish,Female philopatric,3.11,KAS_GRP_01_2017,1.261,0.414,0.131,0.177,0.103,0.266,-0.334,0.422,0.205,0.404,0.196,0.298,-0.16,0.213,0.061,0.292
KASANKA,KAS_GRP_01,2018,Papio_kindae,Papio_kindae,96.53,23,27,23,4,4.2,351,44,0.1254,0.6874,0.1225,0.707,Single-level,Cliquish,Female philopatric,2.05,KAS_GRP_01_2018,1.678,0.71,0.519,0.298,-0.126,0.398,0.957,0.642,0.374,1.045,-0.751,0.747,-1.972,0.856,-0.255,0.489
KIBALE,KIB_GRP_02,2010,Lophocebus_albigena,Lophocebus_aterrimus,119.42,17,13,8,5,7.02,78,47,0.6026,0.2004,0.8571,0.2081,Single-level,Cohesive,Female philopatric,2.65,KIB_GRP_02_2010,1.455,0.478,-0.042,0.215,0.265,0.243,-0.599,0.5,0.307,0.346,-0.159,0.36,-0.114,0.319,-2.267,0.555
KIBALE,KIB_GRP_02,2011,Lophocebus_albigena,Lophocebus_aterrimus,37.22,7,11,8,3,5.32,55,16,0.2909,0.3546,0.4286,0.2492,Single-level,Cohesive,Female philopatric,2.31,KIB_GRP_02_2011,-0.138,0.945,0.543,0.512,-0.305,0.563,0.358,1.219,0.327,1.804,1.525,1.397,-0.454,1.699,-2.424,1.83
KIBALE,KIB_GRP_02,2012,Lophocebus_albigena,Lophocebus_aterrimus,38.08,8,11,8,3,4.76,55,25,0.4545,0.0936,0.7143,0,Single-level,Cohesive,Female philopatric,2.18,KIB_GRP_02_2012,0.653,0.655,0.139,0.358,0.386,0.46,-1.042,1.222,0.467,0.897,-1.228,1.126,-0.495,0.836,-2.622,1.357
KIBALE,KIB_GRP_02,2013,Lophocebus_albigena,Lophocebus_aterrimus,53.4,7,10,8,2,7.63,45,27,0.6,0.0697,0.6429,0.138,Single-level,Cohesive,Female philopatric,2.76,KIB_GRP_02_2013,0.508,0.459,0.428,0.282,0.519,0.243,-0.225,0.357,,,,,,,,
KIBALE,KIB_GRP_01,2010,Lophocebus_albigena,Lophocebus_aterrimus,42.75,7,9,8,1,6.11,36,19,0.5278,0.0706,0.6429,0.0718,Single-level,Cohesive,Female philopatric,2.47,KIB_GRP_01_2010,0.974,0.607,-0.444,0.276,-0.053,0.441,-0.525,1.179,,,,,,,,
KIBALE,KIB_GRP_01,2012,Lophocebus_albigena,Lophocebus_aterrimus,38,8,8,7,1,4.75,28,15,0.5357,0.1993,0.5714,0.2061,Single-level,Cohesive,Female philopatric,2.18,KIB_GRP_01_2012,-0.557,1.075,0.038,0.523,0.157,0.833,-0.393,1.215,,,,,,,,
KIBALE,KIB_GRP_01,2013,Lophocebus_albigena,Lophocebus_aterrimus,14.03,4,4,3,1,3.51,6,3,0.5,0.01,0.6667,0,Single-level,Cohesive,Female philopatric,1.87,KIB_GRP_01_2013,,,,,,,,,,,,,,,,
KIBALE,KIB_GRP_03,2010,Lophocebus_albigena,Lophocebus_aterrimus,105.43,13,15,7,8,8.11,105,35,0.3333,0.2241,0.8571,0.1413,Single-level,Cohesive,Female philopatric,2.85,KIB_GRP_03_2010,-0.407,0.497,0.509,0.239,0.351,0.389,1.236,0.708,-1.558,0.902,-1.271,0.657,-0.883,0.889,-1.755,0.527
KIBALE,KIB_GRP_03,2011,Lophocebus_albigena,Lophocebus_aterrimus,102.02,7,11,8,3,14.57,55,29,0.5273,0.1736,0.7857,0.1467,Single-level,Cohesive,Female philopatric,3.82,KIB_GRP_03_2011,0.335,0.371,0.129,0.182,0.329,0.345,-0.266,0.744,-0.353,1.166,-0.578,0.837,-1.259,0.868,-1.611,1.025
KIBALE,KIB_GRP_03,2012,Lophocebus_albigena,Lophocebus_aterrimus,91.33,8,9,8,1,11.42,36,19,0.5278,0.3226,0.6429,0.3269,Single-level,Cohesive,Female philopatric,3.38,KIB_GRP_03_2012,1.181,0.513,0.8,0.262,-0.611,0.421,0.035,0.893,,,,,,,,
KIBALE,KIB_GRP_03,2013,Lophocebus_albigena,Lophocebus_aterrimus,83.12,7,11,8,3,11.87,55,28,0.5091,0.2216,0.6071,0.3182,Single-level,Cohesive,Female philopatric,3.45,KIB_GRP_03_2013,-0.603,0.703,-0.662,0.422,-0.108,0.512,0.667,0.673,-0.036,0.551,-0.436,0.684,0.116,0.514,-2.732,0.822
KIBALE,KIB_GRP_04,2010,Lophocebus_albigena,Lophocebus_aterrimus,58.25,6,8,5,3,9.71,28,14,0.5,0.0432,1,0,Single-level,Cohesive,Female philopatric,3.12,KIB_GRP_04_2010,-0.655,0.628,0.653,0.286,0.529,0.3,-0.249,0.434,0.021,2.003,0.079,1.534,0.002,1.856,-2.012,1.572
KIBALE,KIB_GRP_04,2011,Lophocebus_albigena,Lophocebus_aterrimus,22,4,6,4,2,5.5,15,8,0.5333,0.2308,0.6667,0.2135,Single-level,Cohesive,Female philopatric,2.35,KIB_GRP_04_2011,-0.032,1.734,0.55,0.88,0.04,0.955,-0.372,1.735,,,,,,,,
KIBALE,KIB_GRP_04,2012,Lophocebus_albigena,Lophocebus_aterrimus,23.72,5,6,5,1,4.74,15,9,0.6,0.1119,0.7,0.1295,Single-level,Cohesive,Female philopatric,2.18,KIB_GRP_04_2012,1.429,1.344,-0.001,0.698,0.585,0.666,-0.388,1.091,,,,,,,,
KIBALE,KIB_GRP_04,2013,Lophocebus_albigena,Lophocebus_aterrimus,22.68,5,5,4,1,4.54,10,7,0.7,0.1955,0.8333,0.2532,Single-level,Cohesive,Female philopatric,2.13,KIB_GRP_04_2013,0.648,1.046,-1.003,0.972,-0.335,0.489,-2.198,1.566,,,,,,,,
LAIKIPIA,LAI_GRP_01,Post-dispersal,Papio_anubis,Papio_anubis,278.75,22,22,16,6,12.67,231,71,0.3074,0.2487,0.3917,0.1678,Single-level,Cohesive,Female philopatric,3.56,LAI_GRP_01_Post-dispersal,1.263,0.559,-0.104,0.25,1.591,0.46,0.196,0.921,-0.19,0.884,1.617,0.804,0.58,0.483,2.331,1.019
LAIKIPIA,LAI_GRP_01,Post-fission,Papio_anubis,Papio_anubis,347.5,15,16,9,7,23.17,120,54,0.45,0.2858,0.6389,0.0978,Single-level,Cohesive,Female philopatric,4.81,LAI_GRP_01_Post-fission,0.765,0.624,0.652,0.408,0.119,0.635,0.183,0.644,-0.119,0.529,0.223,0.422,0.334,0.231,-0.633,0.418
LAIKIPIA,LAI_GRP_01,Pre-dispersal,Papio_anubis,Papio_anubis,295.5,17,17,11,6,17.38,136,69,0.5074,0.1849,0.6727,0.0526,Single-level,Cohesive,Female philopatric,4.17,LAI_GRP_01_Pre-dispersal,0.405,0.363,-0.12,0.191,0.494,0.284,0.842,0.396,0.021,0.646,-0.094,0.446,0.026,0.245,-0.667,0.471
LAIKIPIA,LAI_GRP_01,Stable,Papio_anubis,Papio_anubis,298.5,16,15,8,7,18.66,105,60,0.5714,0.1927,0.8929,0.0293,Single-level,Cohesive,Female philopatric,4.32,LAI_GRP_01_Stable,0.275,0.393,0.005,0.21,0.572,0.32,0.342,0.502,0.264,0.201,-0.109,0.186,0.154,0.151,-0.691,0.364
LAIKIPIA,LAI_GRP_02,Post-dispersal,Papio_anubis,Papio_anubis,277.25,25,23,16,7,11.09,253,108,0.4269,0.1838,0.5083,0.1063,Single-level,Cohesive,Female philopatric,3.33,LAI_GRP_02_Post-dispersal,1.568,0.377,0.187,0.163,0.88,0.29,0.125,0.442,0.003,0.228,-0.117,0.192,0.065,0.187,-0.033,0.32
LAIKIPIA,LAI_GRP_02,Post-fission,Papio_anubis,Papio_anubis,620.25,28,26,19,7,22.15,325,158,0.4862,0.1766,0.6023,0.234,Single-level,Cohesive,Female philopatric,4.71,LAI_GRP_02_Post-fission,0.92,0.416,-0.048,0.147,0.442,0.278,-0.036,0.435,0.03,0.541,-0.055,0.289,0.139,0.326,-0.331,0.311
LAIKIPIA,LAI_GRP_02,Pre-dispersal,Papio_anubis,Papio_anubis,522.75,31,31,21,10,16.86,465,114,0.2452,0.4429,0.3095,0.4293,Single-level,Cohesive,Female philopatric,4.11,LAI_GRP_02_Pre-dispersal,2.495,0.443,0.035,0.198,0.697,0.313,0.243,0.398,0.925,0.368,0.453,0.295,-0.271,0.273,-0.774,0.47
LAIKIPIA,LAI_GRP_02,Stable,Papio_anubis,Papio_anubis,600.75,28,27,17,10,21.46,351,111,0.3162,0.3578,0.5147,0.3594,Single-level,Cohesive,Female philopatric,4.63,LAI_GRP_02_Stable,1.215,0.525,0.177,0.179,0.151,0.332,0.299,0.469,0.679,0.272,-0.047,0.214,0.362,0.212,-0.918,0.359
LAIKIPIA,LAI_GRP_03,Post-fission,Papio_anubis,Papio_anubis,219.25,11,12,7,5,19.93,66,30,0.4545,0.215,0.7619,0.1887,Single-level,Cohesive,Female philopatric,4.46,LAI_GRP_03_Post-fission,0.519,0.871,0.049,0.582,-0.186,0.763,0.011,0.917,0.065,0.798,0.653,1.124,-0.311,0.769,2.8,1.333
LEKEDI,MAN_GRP_01,2013,Mandrillus_sphinx,Mandrillus_sphinx,314.75,40,38,29,9,7.87,703,142,0.202,0.4253,0.1872,0.4783,Single-level,Cliquish,Female philopatric,2.81,MAN_GRP_01_2013,2.136,0.361,0.628,0.139,0.552,0.276,0.256,0.384,0.128,0.338,0.239,0.223,0.225,0.139,-1.333,0.299
LEKEDI,MAN_GRP_01,2014,Mandrillus_sphinx,Mandrillus_sphinx,562.67,48,45,32,13,11.72,990,157,0.1586,0.4969,0.1452,0.5843,Single-level,Cliquish,Female philopatric,3.42,MAN_GRP_01_2014,2.559,0.443,0.806,0.158,1.348,0.32,0.225,0.519,0.417,0.353,0.392,0.233,0.144,0.157,-1.947,0.294
LEKEDI,MAN_GRP_01,2015,Mandrillus_sphinx,Mandrillus_sphinx,744.11,56,50,37,13,13.29,1225,237,0.1935,0.4746,0.2192,0.5363,Single-level,Cliquish,Female philopatric,3.65,MAN_GRP_01_2015,1.986,0.351,0.466,0.114,0.645,0.195,-0.05,0.317,0.277,0.301,0.33,0.206,0.034,0.119,-1.945,0.276
LEKEDI,MAN_GRP_01,2016,Mandrillus_sphinx,Mandrillus_sphinx,645.08,59,55,42,13,10.93,1485,212,0.1428,0.4344,0.1266,0.4746,Single-level,Cliquish,Female philopatric,3.31,MAN_GRP_01_2016,2.052,0.361,0.452,0.127,0.35,0.24,0.162,0.356,0.816,0.451,-0.036,0.242,0.216,0.151,-2.457,0.274
MIZUMU,MIZ_GRP_01,2009,Cercocebus_sanjei,Cercocebus_chrysogaster,1248.33,23,29,22,7,54.28,406,154,0.3793,0.3472,0.5022,0.3086,Single-level,Cohesive,Female philopatric,7.37,MIZ_GRP_01_2009,1.041,0.305,0.096,0.114,0.813,0.19,0.351,0.296,0.383,0.264,-0.17,0.223,-0.12,0.155,-2.252,0.385
MIZUMU,MIZ_GRP_01,2010,Cercocebus_sanjei,Cercocebus_chrysogaster,1194.68,21,30,21,9,56.89,435,168,0.3862,0.3237,0.5048,0.2386,Single-level,Cohesive,Female philopatric,7.54,MIZ_GRP_01_2010,1.034,0.297,0.328,0.139,0.37,0.208,0.159,0.321,0.78,0.307,-0.21,0.253,0.199,0.169,-2.221,0.367
MOREMI,MOR_GRP_01,1992,Papio_ursinus,Papio_ursinus,438.2,37,38,24,14,11.84,703,174,0.2475,0.4224,0.4094,0.4384,Single-level,Cliquish,Female philopatric,3.44,MOR_GRP_01_1992,1.742,0.444,0.328,0.148,0.455,0.264,-0.088,0.394,0.27,0.568,-0.47,0.325,0.158,0.275,-1.961,0.366
MOREMI,MOR_GRP_01,1993,Papio_ursinus,Papio_ursinus,529.15,38,43,28,15,13.92,903,200,0.2215,0.4435,0.3228,0.5111,Single-level,Cliquish,Female philopatric,3.73,MOR_GRP_01_1993,2.731,0.456,0.247,0.133,0.346,0.225,0.641,0.425,0.426,0.331,-0.142,0.269,-0.017,0.297,-2.704,0.418
MOREMI,MOR_GRP_01,2001,Papio_ursinus,Papio_ursinus,329.04,46,48,35,13,7.15,1128,178,0.1578,0.5253,0.1765,0.5602,Single-level,Cliquish,Female philopatric,2.67,MOR_GRP_01_2001,2.745,0.378,0.387,0.179,-0.545,0.268,-0.566,0.472,0.092,0.294,0.498,0.223,0.334,0.239,-2.05,0.43
MOREMI,MOR_GRP_01,2002,Papio_ursinus,Papio_ursinus,478.57,42,52,37,15,11.39,1326,227,0.1712,0.5166,0.2282,0.5666,Single-level,Cliquish,Female philopatric,3.38,MOR_GRP_01_2002,3.396,0.368,0.386,0.122,-0.72,0.208,0.623,0.368,-0.132,0.285,0.296,0.241,0.402,0.223,-2.037,0.363
MOREMI,MOR_GRP_01,2003,Papio_ursinus,Papio_ursinus,221.09,55,50,33,17,4.02,1225,171,0.1396,0.527,0.1742,0.548,Single-level,Cliquish,Female philopatric,2,MOR_GRP_01_2003,2.762,0.428,0.635,0.187,-0.21,0.29,-0.299,0.682,0.199,0.276,-0.274,0.258,0.251,0.249,-1.676,0.339
MOREMI,MOR_GRP_01,2004,Papio_ursinus,Papio_ursinus,277.75,44,43,29,14,6.31,903,253,0.2802,0.3907,0.3892,0.4478,Single-level,Cliquish,Female philopatric,2.51,MOR_GRP_01_2004,2.767,0.396,-0.112,0.135,-0.73,0.221,-0.541,0.438,0.291,0.212,0.086,0.161,0.371,0.157,-1.422,0.311
MOREMI,MOR_GRP_01,2005,Papio_ursinus,Papio_ursinus,90.81,39,35,26,9,2.33,595,203,0.3412,0.371,0.4308,0.4092,Single-level,Cliquish,Female philopatric,1.53,MOR_GRP_01_2005,1.44,0.38,0.514,0.123,-0.339,0.209,-0.174,0.333,0.536,0.421,0.337,0.313,0.476,0.2,-3.09,0.39
MOREMI,MOR_GRP_01,2006,Papio_ursinus,Papio_ursinus,419.13,39,41,28,13,10.75,820,172,0.2098,0.4494,0.3095,0.4406,Single-level,Cliquish,Female philopatric,3.28,MOR_GRP_01_2006,2.351,0.427,0.32,0.136,-0.395,0.221,-0.063,0.373,0.254,0.324,-0.167,0.278,-0.059,0.278,-2.327,0.503
MOREMI,MOR_GRP_01,2007,Papio_ursinus,Papio_ursinus,782.45,33,42,27,15,23.71,861,235,0.2729,0.4454,0.3789,0.5589,Single-level,Cliquish,Female philopatric,4.87,MOR_GRP_01_2007,2.756,0.392,0.547,0.135,-0.036,0.187,0.476,0.313,0.608,0.335,-0.082,0.249,0.358,0.186,-2.408,0.308
SIMENTI,CRP_PAR_01,2016,Papio_papio,Papio_papio,129.14,17,17,9,8,7.6,136,35,0.2574,0.5627,0.3611,0.3236,Multi-level,Multi-level,Female dispersal,2.76,CRP_PAR_01_2016,0.251,0.758,-0.323,0.391,0.036,0.524,2.694,0.782,1.837,1.128,0.059,0.945,-0.024,0.835,-1.299,0.342
SIMENTI,CRP_PAR_01,2017,Papio_papio,Papio_papio,227.09,17,15,8,7,13.36,105,37,0.3524,0.5912,0.8214,0.3043,Multi-level,Multi-level,Female dispersal,3.65,CRP_PAR_01_2017,1.1,0.497,-0.202,0.24,0.398,0.436,1.496,0.516,1.901,0.465,0.747,0.472,-0.757,0.45,-1.541,0.386
SIMENTI,CRP_PAR_01,2018,Papio_papio,Papio_papio,243.14,24,20,12,8,10.13,190,44,0.2316,0.5718,0.3788,0.3426,Multi-level,Multi-level,Female dispersal,3.18,CRP_PAR_01_2018,0.442,0.754,0.124,0.341,0.473,0.584,1.168,0.868,0.985,1.428,0.097,1.267,-0.076,1.365,-1.075,0.343
SIMENTI,CRP_PAR_01,2019,Papio_papio,Papio_papio,219.19,25,25,16,9,8.77,300,61,0.2033,0.6424,0.2667,0.5418,Multi-level,Multi-level,Female dispersal,2.96,CRP_PAR_01_2019,0.391,0.482,-0.162,0.184,0.749,0.454,2.666,0.795,0.594,0.871,-0.476,0.666,0.421,0.709,-1.005,0.446
SIMENTI,CRP_PAR_02,2016,Papio_papio,Papio_papio,168.84,22,22,10,12,7.67,231,56,0.2424,0.5894,0.5111,0.3682,Multi-level,Multi-level,Female dispersal,2.77,CRP_PAR_02_2016,-0.016,0.501,-0.336,0.216,0.505,0.331,1.444,0.58,1.538,0.529,0.101,0.432,0.254,0.353,-1.177,0.291
SIMENTI,CRP_PAR_02,2017,Papio_papio,Papio_papio,330.43,25,21,10,11,13.22,210,57,0.2714,0.5617,0.5111,0.2321,Multi-level,Multi-level,Female dispersal,3.64,CRP_PAR_02_2017,1.257,0.694,-0.044,0.363,0.415,0.515,1.073,0.591,1.834,0.853,-0.889,0.796,0.148,0.196,-0.78,0.171
SIMENTI,CRP_PAR_02,2018,Papio_papio,Papio_papio,307.82,27,27,15,12,11.4,351,69,0.1966,0.6717,0.219,0.5416,Multi-level,Multi-level,Female dispersal,3.38,CRP_PAR_02_2018,1.832,0.79,-0.025,0.345,0.699,0.589,2.683,0.74,1.057,0.363,-0.583,0.383,0.367,0.292,-0.994,0.429
SIMENTI,CRP_PAR_02,2019,Papio_papio,Papio_papio,184.03,25,24,14,10,7.36,276,59,0.2138,0.6384,0.2088,0.5559,Multi-level,Multi-level,Female dispersal,2.71,CRP_PAR_02_2019,0.662,0.702,0.589,0.528,0.248,0.487,2.604,0.84,0.529,0.261,-0.028,0.275,-0.237,0.222,-1.595,0.372
SIMENTI,CRP_PAR_03,2016,Papio_papio,Papio_papio,193.14,28,27,16,11,6.9,351,56,0.1595,0.6564,0.2583,0.5414,Multi-level,Multi-level,Female dispersal,2.63,CRP_PAR_03_2016,1.475,0.495,0.242,0.269,-0.059,0.416,3.635,0.56,1.632,0.404,-0.316,0.339,0.253,0.321,-1.749,0.489
SIMENTI,CRP_PAR_03,2017,Papio_papio,Papio_papio,401.01,29,28,16,12,13.83,378,89,0.2354,0.6757,0.3833,0.5382,Multi-level,Multi-level,Female dispersal,3.72,CRP_PAR_03_2017,0.795,0.427,0.659,0.245,0.34,0.361,2.937,0.544,1.904,0.82,-0.08,0.584,-0.056,0.47,-1.305,0.257
SIMENTI,CRP_PAR_03,2018,Papio_papio,Papio_papio,325.52,29,28,15,13,11.22,378,65,0.172,0.7101,0.2857,0.4968,Multi-level,Multi-level,Female dispersal,3.35,CRP_PAR_03_2018,0.991,0.667,0.377,0.308,0.279,0.487,2.505,0.669,1.139,0.647,-0.406,0.616,-0.356,0.283,-1.066,0.255
SIMENTI,CRP_PAR_03,2019,Papio_papio,Papio_papio,239.24,26,21,9,12,9.2,210,43,0.2048,0.706,0.3889,0.3694,Multi-level,Multi-level,Female dispersal,3.03,CRP_PAR_03_2019,1.102,1.17,0.277,0.514,0.031,0.648,1.867,1.356,0.835,0.641,0.574,1.452,-0.099,1.507,-0.837,0.324
SIMIENS,GEL_BAN_01,2009,Theropithecus_gelada,Theropithecus_gelada,142.83,60,52,41,11,2.38,1326,84,0.0633,0.8137,0.0537,0.7212,Multi-level,Multi-level,Female philopatric,1.54,GEL_BAN_01_2009,5.135,0.449,0.152,0.21,0.004,0.338,1.253,0.409,-0.017,0.365,-0.322,0.338,0.122,0.302,-0.607,0.175
SIMIENS,GEL_BAN_01,2010,Theropithecus_gelada,Theropithecus_gelada,199.19,66,58,43,15,3.02,1653,131,0.0792,0.8135,0.0797,0.756,Multi-level,Multi-level,Female philopatric,1.74,GEL_BAN_01_2010,5.854,0.449,0.364,0.212,-0.021,0.232,1.45,0.384,0.598,0.354,-0.131,0.255,0.168,0.124,-0.496,0.15
SIMIENS,GEL_BAN_01,2011,Theropithecus_gelada,Theropithecus_gelada,267.8,66,59,47,12,4.06,1711,177,0.1034,0.7743,0.1027,0.7676,Multi-level,Multi-level,Female philopatric,2.01,GEL_BAN_01_2011,3.443,0.294,-0.182,0.139,0.081,0.197,2.691,0.311,0.719,0.427,-0.259,0.273,0.494,0.255,-0.356,0.118
SIMIENS,GEL_BAN_01,2012,Theropithecus_gelada,Theropithecus_gelada,289.19,66,62,50,12,4.38,1891,125,0.0661,0.8481,0.0604,0.8556,Multi-level,Multi-level,Female philopatric,2.09,GEL_BAN_01_2012,4.911,0.442,0.067,0.204,0.131,0.266,3.199,0.387,1.126,0.555,0.13,0.27,-0.106,0.149,-0.593,0.128
SIMIENS,GEL_BAN_01,2013,Theropithecus_gelada,Theropithecus_gelada,334.31,69,68,53,15,4.85,2278,270,0.1185,0.5302,0.1052,0.6217,Multi-level,Multi-level,Female philopatric,2.2,GEL_BAN_01_2013,3.043,0.355,-0.242,0.128,0.18,0.182,0.338,0.372,0.282,0.21,0.104,0.154,0.037,0.106,-0.464,0.156
SIMIENS,GEL_BAN_01,2014,Theropithecus_gelada,Theropithecus_gelada,342.14,76,71,54,17,4.5,2485,217,0.0873,0.76,0.0929,0.7355,Multi-level,Multi-level,Female philopatric,2.12,GEL_BAN_01_2014,3.733,0.301,-0.041,0.123,0.185,0.172,1.971,0.294,0.517,0.255,0.039,0.172,-0.181,0.152,-0.577,0.175
SIMIENS,GEL_BAN_01,2015,Theropithecus_gelada,Theropithecus_gelada,497.02,78,76,59,17,6.37,2850,167,0.0586,0.8728,0.0514,0.8868,Multi-level,Multi-level,Female philopatric,2.52,GEL_BAN_01_2015,4.818,0.416,-0.11,0.208,0.04,0.246,3.855,0.404,1.154,0.552,0.131,0.287,-0.003,0.104,-0.382,0.123
SIMIENS,GEL_BAN_01,2016,Theropithecus_gelada,Theropithecus_gelada,275.19,83,78,58,20,3.32,3003,154,0.0513,0.7855,0.0448,0.8454,Multi-level,Multi-level,Female philopatric,1.82,GEL_BAN_01_2016,4.881,0.517,-0.315,0.177,-0.169,0.267,1.827,0.47,0.412,0.334,-0.143,0.215,0.121,0.162,-0.081,0.19
SIMIENS,GEL_BAN_01,2018,Theropithecus_gelada,Theropithecus_gelada,240.33,91,69,48,21,2.64,2346,84,0.0358,0.8872,0.0319,0.8733,Multi-level,Multi-level,Female philopatric,1.63,GEL_BAN_01_2018,5.46,0.613,-0.438,0.312,0.353,0.472,2.006,0.583,1.796,0.453,-1.217,0.378,1.402,0.431,-0.028,0.207
SIMIENS,GEL_BAN_02,2009,Theropithecus_gelada,Theropithecus_gelada,225.29,41,39,28,11,5.49,741,75,0.1012,0.8202,0.1005,0.8052,Multi-level,Multi-level,Female philopatric,2.34,GEL_BAN_02_2009,4.694,0.532,0.186,0.27,-0.06,0.37,2.68,0.609,0.713,0.409,-0.242,0.253,0.336,0.217,-0.407,0.229
SIMIENS,GEL_BAN_02,2010,Theropithecus_gelada,Theropithecus_gelada,205.51,40,37,28,9,5.14,666,70,0.1051,0.8353,0.1058,0.8308,Multi-level,Multi-level,Female philopatric,2.27,GEL_BAN_02_2010,3.469,0.572,0.019,0.306,0.216,0.362,5.027,0.554,1.196,0.905,-1.023,0.778,1.425,0.842,-0.114,0.091
SIMIENS,GEL_BAN_02,2011,Theropithecus_gelada,Theropithecus_gelada,443.64,46,44,29,15,9.64,946,160,0.1691,0.7714,0.1749,0.7385,Multi-level,Multi-level,Female philopatric,3.11,GEL_BAN_02_2011,3.501,0.373,-0.161,0.143,0.108,0.235,2.675,0.428,0.51,0.281,-0.076,0.201,0.084,0.103,-0.378,0.187
SIMIENS,GEL_BAN_02,2012,Theropithecus_gelada,Theropithecus_gelada,381.86,45,45,27,18,8.49,990,131,0.1323,0.7502,0.151,0.7572,Multi-level,Multi-level,Female philopatric,2.91,GEL_BAN_02_2012,5.707,0.499,-0.069,0.167,-0.059,0.275,2.144,0.488,1.419,0.806,0.058,0.627,0.081,0.098,-0.204,0.166
SIMIENS,GEL_BAN_02,2013,Theropithecus_gelada,Theropithecus_gelada,196.36,36,35,23,12,5.45,595,123,0.2067,0.5024,0.1937,0.5175,Multi-level,Multi-level,Female philopatric,2.34,GEL_BAN_02_2013,2.344,0.413,-0.692,0.15,-0.151,0.275,1.579,0.43,0.655,0.266,0.098,0.166,-0.114,0.129,-0.052,0.243
SIMIENS,GEL_BAN_02,2014,Theropithecus_gelada,Theropithecus_gelada,450.54,42,37,26,11,10.73,666,129,0.1937,0.7538,0.2092,0.6297,Multi-level,Multi-level,Female philopatric,3.28,GEL_BAN_02_2014,2.915,0.419,-0.002,0.134,-0.095,0.261,1.567,0.453,0.401,0.514,0.133,0.297,-0.409,0.132,0.008,0.207
SIMIENS,GEL_BAN_02,2015,Theropithecus_gelada,Theropithecus_gelada,762.4,44,40,28,12,17.33,780,143,0.1833,0.773,0.1984,0.7445,Multi-level,Multi-level,Female philopatric,4.16,GEL_BAN_02_2015,2.223,0.332,0.167,0.133,-0.299,0.222,4.408,0.349,1.343,0.472,-0.094,0.231,0.157,0.158,-0.311,0.271
SIMIENS,GEL_BAN_02,2016,Theropithecus_gelada,Theropithecus_gelada,415.02,45,42,30,12,9.22,861,114,0.1324,0.7612,0.1379,0.7215,Multi-level,Multi-level,Female philopatric,3.04,GEL_BAN_02_2016,3.307,0.407,-0.056,0.144,0.042,0.268,3.327,0.4,1.165,0.57,-0.138,0.326,0.089,0.147,-0.299,0.14
SIMIENS,GEL_BAN_02,2017,Theropithecus_gelada,Theropithecus_gelada,308.8,52,51,34,17,5.94,1275,103,0.0808,0.8062,0.0856,0.7889,Multi-level,Multi-level,Female philopatric,2.44,GEL_BAN_02_2017,4.037,0.553,0.176,0.21,0.077,0.442,4.507,0.54,2.972,0.923,0.015,0.53,0.174,0.103,-0.232,0.144
SIMIENS,GEL_BAN_02,2018,Theropithecus_gelada,Theropithecus_gelada,650.86,56,51,35,16,11.62,1275,114,0.0894,0.787,0.084,0.8012,Multi-level,Multi-level,Female philopatric,3.41,GEL_BAN_02_2018,4.03,0.575,0.017,0.278,0.33,0.451,5.491,0.59,0.423,0.214,-0.423,0.177,0.423,0.193,0.276,0.214
SIMIENS,GEL_BAN_02,2019,Theropithecus_gelada,Theropithecus_gelada,277.57,56,50,35,15,4.96,1225,85,0.0694,0.85,0.0639,0.7826,Multi-level,Multi-level,Female philopatric,2.23,GEL_BAN_02_2019,5.673,0.674,0.059,0.259,-0.011,0.476,4.661,0.661,0.218,0.126,-0.042,0.098,0.098,0.098,0.205,0.18
TAI,TAI_GRP_01,2014,Cercocebus_atys_atys,Cercocebus_lunulatus,1353.94,26,34,24,10,52.07,561,216,0.385,0.284,0.558,0.2174,Single-level,Cohesive,Female philopatric,7.22,TAI_GRP_01_2014,0.429,0.286,0.353,0.106,0.272,0.182,-0.168,0.252,-0.14,0.488,0.377,0.324,0.022,0.202,-2.406,0.448
TAI,TAI_GRP_01,2015,Cercocebus_atys_atys,Cercocebus_lunulatus,2173.33,27,35,26,9,80.49,595,207,0.3479,0.2298,0.4646,0.2214,Single-level,Cohesive,Female philopatric,8.97,TAI_GRP_01_2015,0.737,0.407,0.408,0.152,0.684,0.209,0.091,0.392,0.277,0.486,0.254,0.332,0.019,0.218,-2.124,0.429
TAI,TAI_GRP_01,2016,Cercocebus_atys_atys,Cercocebus_lunulatus,1970.55,30,31,23,8,65.69,465,189,0.4065,0.2905,0.5099,0.3128,Single-level,Cohesive,Female philopatric,8.1,TAI_GRP_01_2016,0.101,0.3,0.342,0.102,0.43,0.176,0.264,0.252,-0.612,0.34,0.429,0.22,0.187,0.197,-4.787,0.516
TAI,TAI_GRP_01,2017,Cercocebus_atys_atys,Cercocebus_lunulatus,1534.83,21,23,20,3,73.09,253,134,0.5296,0.3298,0.5474,0.3548,Single-level,Cohesive,Female philopatric,8.55,TAI_GRP_01_2017,0.395,0.366,0.824,0.146,0.72,0.219,0.516,0.331,0.445,0.605,0.767,0.381,-0.46,0.231,-2.814,0.723
TAI,TAI_GRP_01,2018,Cercocebus_atys_atys,Cercocebus_lunulatus,1681.55,21,23,20,3,80.07,253,138,0.5455,0.1473,0.5684,0.1516,Single-level,Cohesive,Female philopatric,8.95,TAI_GRP_01_2018,-0.004,0.235,0.169,0.078,0.176,0.13,-0.321,0.17,0.341,0.86,0.205,0.583,-0.215,0.273,-2.396,0.709
TAI,TAI_GRP_01,2019,Cercocebus_atys_atys,Cercocebus_lunulatus,1988.87,21,24,20,4,94.71,276,161,0.5833,0.3273,0.6158,0.0899,Single-level,Cohesive,Female philopatric,9.73,TAI_GRP_01_2019,0.365,0.288,0.21,0.1,0.212,0.158,0.215,0.237,0.439,0.655,1.721,0.522,-0.413,0.289,-3.986,0.634
TAI,TAI_GRP_01,2020,Cercocebus_atys_atys,Cercocebus_lunulatus,1805.9,19,25,22,3,95.05,300,183,0.61,0.078,0.5974,0.1656,Single-level,Cohesive,Female philopatric,9.75,TAI_GRP_01_2020,0.859,0.238,0.056,0.099,0.222,0.152,0.211,0.186,0.068,0.453,-0.331,0.294,-0.364,0.201,-2.661,0.491
TAI,TAI_GRP_01,2021,Cercocebus_atys_atys,Cercocebus_lunulatus,2313.48,19,27,22,5,121.76,351,192,0.547,0.1907,0.6494,0.2342,Single-level,Cohesive,Female philopatric,11.03,TAI_GRP_01_2021,0.643,0.214,0.042,0.113,0.184,0.15,0.033,0.173,0.499,0.508,-0.001,0.321,-0.139,0.24,-2.042,0.468
TSAOBIS,TSA_GRP_01,2005,Papio_ursinus,Papio_ursinus,311.12,17,25,17,8,18.3,300,76,0.2533,0.5077,0.3382,0.3605,Single-level,Cliquish,Female philopatric,4.28,TSA_GRP_01_2005,1.831,1.062,0.339,0.282,0.556,0.415,0.406,1.016,0.304,0.432,0.939,0.438,0.177,0.33,-1.175,0.44
TSAOBIS,TSA_GRP_01,2006,Papio_ursinus,Papio_ursinus,576.95,17,23,17,6,33.94,253,112,0.4427,0.219,0.5074,0.1819,Single-level,Cliquish,Female philopatric,5.83,TSA_GRP_01_2006,0.854,0.521,0.035,0.164,0.386,0.249,-0.055,0.343,0.397,0.553,0.329,0.384,0.193,0.318,-1.75,0.515
TSAOBIS,TSA_GRP_01,2013,Papio_ursinus,Papio_ursinus,476.39,28,28,18,10,17.01,378,119,0.3148,0.4251,0.4575,0.3664,Single-level,Cliquish,Female philopatric,4.12,TSA_GRP_01_2013,1.02,0.657,0.998,0.192,0.312,0.289,0.3,0.39,0.542,0.494,0.318,0.437,-0.234,0.282,-1.39,0.521
TSAOBIS,TSA_GRP_01,2014,Papio_ursinus,Papio_ursinus,637.39,27,27,18,9,23.61,351,133,0.3789,0.4482,0.5556,0.2282,Single-level,Cliquish,Female philopatric,4.86,TSA_GRP_01_2014,0.305,0.62,0.724,0.177,0.172,0.244,0.354,0.385,0.015,0.214,-0.442,0.22,0.364,0.212,-1.723,0.405
TSAOBIS,TSA_GRP_02,2005,Papio_ursinus,Papio_ursinus,261.98,9,15,10,5,29.11,105,38,0.3619,0.4194,0.5111,0.4048,Single-level,Cliquish,Female philopatric,5.4,TSA_GRP_02_2005,1.629,0.829,0.647,0.298,0.198,0.373,-0.393,0.944,0.222,0.554,-0.44,0.452,0.613,0.27,-2.122,0.487
TSAOBIS,TSA_GRP_02,2006,Papio_ursinus,Papio_ursinus,677.11,10,16,11,5,67.71,120,68,0.5667,0.01,0.6,0.2048,Single-level,Cliquish,Female philopatric,8.23,TSA_GRP_02_2006,1.163,0.547,0.771,0.251,0.436,0.32,0.629,0.578,0.327,0.496,0.07,0.387,0.024,0.167,-2.301,0.361
TSAOBIS,TSA_GRP_02,2013,Papio_ursinus,Papio_ursinus,400.67,25,30,20,10,16.03,435,153,0.3517,0.4184,0.4684,0.4251,Single-level,Cliquish,Female philopatric,4,TSA_GRP_02_2013,1.13,0.374,0.685,0.153,0.018,0.239,1.212,0.433,-0.159,0.306,0.57,0.283,0.001,0.234,-1.778,0.396
TSAOBIS,TSA_GRP_02,2014,Papio_ursinus,Papio_ursinus,664.01,28,29,20,9,23.71,406,177,0.436,0.3642,0.5316,0.3656,Single-level,Cliquish,Female philopatric,4.87,TSA_GRP_02_2014,1.456,0.344,0.615,0.151,-0.132,0.211,0.067,0.353,0.366,0.449,1.064,0.345,-0.288,0.204,-1.689,0.354